id,nama,harga,brand,foto,spek,harga_promo
P01,CCTV EZVIZ INDOOR C6N  2MP,389000,CCTV EZVIZ,img\produk\C6N 2MP.webp,kamera cctv indoor BERGARANSI 1 TAHUN (belum include biaya pasang),375000
P02,CCTV EZVIZ INDOOR TY1 3MP,495000,CCTV EZVIZ,img\produk\TY1 3MP.jfif,kamera cctv indoor BERGARANSI 1 TAHUN (belum include biaya pasang),460000
P03,CCTV EZVIZ INDOOR TY1 5MP,665000,CCTV EZVIZ,img\produk\TY1 5MP.jfif,kamera cctv indoor BERGARANSI 1 TAHUN (belum include biaya pasang),618000
P04,CCTV EZVIZ INDOOR H1C 2MP,349000,CCTV EZVIZ,img\produk\H1C 2MP.jfif,kamera cctv indoor BERGARANSI 1 TAHUN (belum include biaya pasang),
P05,CCTV EZVIZ INDOOR H6C 2MP,395000,CCTV EZVIZ,img\produk\H6C 2MP.jfif,kamera cctv indoor BERGARANSI 1 TAHUN (belum include biaya pasang),
P06,CCTV EZVIZ INDOOR H6C 3MP,596000,CCTV EZVIZ,img\produk\H6C 3MP.jfif,kamera cctv indoor BERGARANSI 1 TAHUN (belum include biaya pasang),
P07,CCTV EZVIZ INDOOR H7C 4MP,810000,CCTV EZVIZ,img\produk\H7C 4MP.jfif,kamera cctv indoor BERGARANSI 1 TAHUN (belum include biaya pasang),
P08,CCTV EZVIZ OUTDOOR H3C 2MP,590000,CCTV EZVIZ,img\produk\H3C 2MP.jfif,kamera cctv outdoor BERGARANSI 1 TAHUN (belum include biaya pasang),
P09,CCTV EZVIZ OUTDOOR H3C 4MP,799000,CCTV EZVIZ,img\produk\H3C 4MP.jfif,kamera cctv outdoor BERGARANSI 1 TAHUN (belum include biaya pasang),
P10,CCTV EZVIZ OUTDOOR H8C 2MP,629000,CCTV EZVIZ,img\produk\H8C 2MP.webp,kamera cctv outdoor BERGARANSI 1 TAHUN (belum include biaya pasang),
P11,CCTV EZVIZ OUTDOOR H8C 3MP,689000,CCTV EZVIZ,img\produk\H8C 2MP.webp,kamera cctv outdoor BERGARANSI 1 TAHUN (belum include biaya pasang),
P12,CCTV EZVIZ OUTDOOR H8C 4MP,789000,CCTV EZVIZ,img\produk\H8C 2MP.webp,kamera cctv outdoor BERGARANSI 1 TAHUN (belum include biaya pasang),
P13,CCTV EZVIZ OUTDOOR H9C 3MP,999000,CCTV EZVIZ,img\produk\H9C 3MP.jfif,kamera cctv outdoor BERGARANSI 1 TAHUN (belum include biaya pasang),
P14,CCTV EZVIZ OUTDOOR H9C 5MP,1339000,CCTV EZVIZ,img\produk\H9C 3MP.jfif,kamera cctv outdoor BERGARANSI 1 TAHUN (belum include biaya pasang),
P15,AXIOO HYPE7 R7,7249000,LAPTOP AXIOO,img\produk\AXIOO HYPE 7 R7.png,"AMD X7-2 Ryzen 7 5825U 8GB / 16GB 512GB W11 14"" FHD IPS",
P16,SSD VGEN SATA PLATINUM 128GB ,568000,SSD VGEN PLATINUM,img\\produk\sata-3-platinum-128gb-rev-1.png,,
P17,SSD VGEN SATA PLATINUM 256GB,1121000,SSD VGEN PLATINUM,img\\produk\sata-3-platinum-256gb-rev-1.png,,
P18,SSD VGEN SATA PLATINUM 512GB,2048000,SSD VGEN PLATINUM,img\\produk\sata-3-platinum-512gb-rev-1.png,,
P19,SSD VGEN SATA PLATINUM 1TB,4424000,SSD VGEN PLATINUM,img\\produk\sata-3-platinum-1tb-rev-1.png,,
P20,SSD VGEN SATA PLATINUM 2TB,7418000,SSD VGEN PLATINUM,img\\produk\sata-3-platinum-2tb-rev-1.png,,
P21,SSD VGEN SATA PLATINUM 4TB,10288000,SSD VGEN PLATINUM,img\\produk\sata-3-platinum-front-rev-1.png,,
P22,SSD VGEN SATA RESCUE 128GB,398000,SSD VGEN RESCUE,img\\produk\sata-3-rescue-128gb-rev-1.png,,
P23,SSD VGEN SATA RESCUE 256GB,668000,SSD VGEN RESCUE,img\\produk\sata-3-rescue-256gb-rev-1.png,,
P24,SSD VGEN SATA RESCUE 512GB,1160000,SSD VGEN RESCUE,img\\produk\sata-3-rescue-512gb-rev-1.png,,
P25,SSD VGEN SATA RESCUE 1TB,2090000,SSD VGEN RESCUE,img\\produk\sata-3-rescue-1tb-rev-1.png,,
P26,SSD VGEN PORTABLE 128GB,748000,SSD VGEN PORTABLE,img\\produk\SSD PORTABLE 128GB.webp,,
P27,SSD VGEN PORTABLE 256GB,1288000,SSD VGEN PORTABLE,img\\produk\256GB.jfif,,
P28,SSD VGEN PORTABLE 512GB,2343000,SSD VGEN PORTABLE,img\\produk\PSSD-2.png,,
P29,SSD VGEN PORTABLE 1TB,4563000,SSD VGEN PORTABLE,img\\produk\1TB.jfif,,
P30,SSD VGEN PORTABLE 2TB,7588000,SSD VGEN PORTABLE,img\\produk\PSSD-6.png,,
P31,RAM PLATINUM DDR3 2GB 1333/1600,208000,RAM VGEN,img\\produk\DDR3-platinum-2gb-1600.png,,
P32,RAM PLATINUM DDR3 4GB 1333/1600,338000,RAM VGEN,img\\produk\DDR3-platinum-2gb-1600.png,,
P33,RAM PLATINUM DDR3 8GB 1333/1600,478000,RAM VGEN,img\\produk\DDR3-platinum-2gb-1600.png,,
P34,RAM PLATINUM DDR4 4GB 2133/2400/2666,686000,RAM VGEN,img\\produk\DDR4-platinum-4gb-2666 pc4-21300.png,,
P35,RAM PLATINUM DDR4 8GB 2133/2400/2666,1425000,RAM VGEN,img\\produk\DDR4-platinum-4gb-2666 pc4-21300.png,,
P36,RAM PLATINUM DDR4 16GB 2133/2400/2666,3066000,RAM VGEN,img\\produk\DDR4-platinum-4gb-2666 pc4-21300.png,,
P37,RAM PLATINUM DDR4 4GB 3200,606000,RAM VGEN,img\\produk\DDR4-platinum-8GB-3200 pc25600.png,,
P38,RAM PLATINUM DDR4 8GB 3200,1280000,RAM VGEN,img\\produk\DDR4-platinum-8GB-3200 pc25600.png,,
P39,RAM PLATINUM DDR4 16GB 3200,2760000,RAM VGEN,img\\produk\DDR4-platinum-8GB-3200 pc25600.png,,
P40,RAM PLATINUM DDR4 32GB 3200,5180000,RAM VGEN,img\\produk\DDR4-platinum-8GB-3200 pc25600.png,,
P41,RAM PLATINUM DDR5 8GB 4800,2460000,RAM VGEN,img\\produk\DDR5-platinum-8GB-4800mhz pc38400.png,,
P42,RAM PLATINUM DDR5 16GB 4800,4460000,RAM VGEN,img\\produk\DDR5-platinum-8GB-4800mhz pc38400.png,,
P43,RAM PLATINUM DDR5 32GB 4800,9296000,RAM VGEN,img\\produk\DDR5-platinum-8GB-4800mhz pc38400.png,,
P44,RAM PLATINUM DDR5 8GB 5600,2759000,RAM VGEN,img\\produk\DDR5-platinum-8GB-5600mhz pc-44800.png,,
P45,RAM PLATINUM DDR5 16GB 5600,4679000,RAM VGEN,img\\produk\DDR5-platinum-8GB-5600mhz pc-44800.png,,
P46,RAM PLATINUM DDR5 32GB 5600,9296000,RAM VGEN,img\\produk\DDR5-platinum-8GB-5600mhz pc-44800.png,,
P47,FD VGEN ASTRO 8GB,86000,FLASHDISK VGEN,img\\produk\ASTRO 8GB.jfif,,
P48,FD VGEN ASTRO 16GB,96000,FLASHDISK VGEN,img\\produk\ASTRO 16GB.jfif,,
P49,FD VGEN ASTRO 32GB,106000,FLASHDISK VGEN,img\\produk\astro-32gb-1.png,,
P50,FD VGEN ASTRO 64GB,128000,FLASHDISK VGEN,img\\produk\astro-64gb-1.png,,
P51,FD VGEN ASTRO 128GB,186000,FLASHDISK VGEN,img\\produk\astro-128gb-1.png,,
P52,FD VGEN ATOM 8GB,86000,FLASHDISK VGEN,img\\produk\atom-8gb-1.png,,
P53,FD VGEN ATOM 16GB,96000,FLASHDISK VGEN,img\\produk\atom-16gb-2.png,,
P54,FD VGEN ATOM 32GB,106000,FLASHDISK VGEN,img\\produk\atom-32gb-1.png,,
P55,FD VGEN ATOM 64GB,128000,FLASHDISK VGEN,img\\produk\atom-64gb-1.png,,
P56,FD VGEN ATOM 128GB,186000,FLASHDISK VGEN,img\\produk\ATOM 128GB.jfif,,
P57,FD VGEN OTG TYPE C 16GB,146000,FLASHDISK VGEN,img\\produk\otg-03-16gb-1.png,,
P58,FD VGEN OTG TYPE C 32GB,166000,FLASHDISK VGEN,img\\produk\otg-03-32gb-1.png,,
P59,FD VGEN OTG TYPE C 64GB,196000,FLASHDISK VGEN,img\\produk\otg-03-64gb-1.png,,
P60,FD VGEN OTG TYPE C 128GB,266000,FLASHDISK VGEN,img\\produk\otg-03-128gb-1.png,,
P61,FD VGEN OTG TYPE C 256GB,416000,FLASHDISK VGEN,img\\produk\otg-03-256gb-1.png,,
P62,MEMORY CARD CCTV HIVIEW 64GB,138000,MEMORY SD CCTV,img\produk\HIVIEW MEMORY CARD.png,,
P63,MEMORY CARD CCTV HIVIEW 128GB,225000,MEMORY SD CCTV,img\produk\HIVIEW MEMORY CARD.png,,
P64,MEMORY CARD CCTV LUXEN 64GB,158000,MEMORY SD CCTV,img\produk\LUXEN MEMORY CARD.jfif,,
P65,MEMORY CARD CCTV LUXEN 128GB,285000,MEMORY SD CCTV,img\produk\LUXEN MEMORY CARD.jfif,,
P66,MEMORY CARD CCTV EZVIZ 64GB,369000,MEMORY SD CCTV,img\produk\MEMORY EZVIZ.png,,
P67,MEMORY CARD CCTV EZVIZ 128GB,599000,MEMORY SD CCTV,img\produk\MEMORY EZVIZ.png,,
P68,BRACKET CCTV EZVIZ,125000,BRACKET CCTV EZVIZ,img\produk\BRACKET CCTV EZVIZ.jfif,,
P69,ACER ASPIRE LITE AL14-32P-C8PX DDR5 SILVER,5499000,LAPTOP ACER,img\produk\AL14-32P-C8PX DDR5 SILVER.jpg,CELERON N150 RAM 8GB SSD 256GB W11+OHS+M365B 14.0 WUXGA,
P70,ACER ASPIRE LITE AL14-32P-C6CC DDR5 BLUE,5499000,LAPTOP ACER,img\produk\AL14-32P-C6CC DDR5 BLUE.png,CELERON N150 RAM 8GB SSD 256GB W11+OHS+M365B 14.0 WUXGA,
P71,ACER ASPIRE LITE AL14-37P-C9CP DDR4 SILVER,5499000,LAPTOP ACER,img\produk\AL14-37P-C9CP DDR4 SILVER BLUE PINK.png,CELERON N150 RAM 8GB SSD 256GB W11+OHS+M365B 14.0 WUXGA,
P72,ACER ASPIRE LITE AL14-37P-C3B7 DDR4 BLUE,5499000,LAPTOP ACER,img\produk\AL14-37P-C9CP DDR4 SILVER BLUE PINK.png,CELERON N150 RAM 8GB SSD 256GB W11+OHS+M365B 14.0 WUXGA,
P73,ACER ASPIRE LITE  AL14-37P-C39A DDR4 NUDE PINK,5499000,LAPTOP ACER,img\produk\AL14-37P-C9CP DDR4 SILVER BLUE PINK.png,CELERON N150 RAM 8GB SSD 256GB W11+OHS+M365B 14.0 WUXGA,
P74,ACER ASPIRE AL14-32P-C9VS DDR5 SILVER,5899000,LAPTOP ACER,img\produk\AL14-32P-C9VS DDR5 SILVER BLUE.png,CELERON N150 RAM 8GB SSD 512GB W11+OHS 14.0 WUXGA + OFFICE 365 1 THN,
P75,ACER ASPIRE AL14-32P-C1ES DDR5 BLUE,5899000,LAPTOP ACER,img\produk\AL14-32P-C9VS DDR5 SILVER BLUE.png,CELERON N150 RAM 8GB SSD 512GB W11+OHS 14.0 WUXGA + OFFICE 365 1 THN,
P76,ACER ASPIRE AL14-35-C1UK DDR4 BLUE,5899000,LAPTOP ACER,img\produk\AL14-35-C1UK DDR4 BLUE.webp,CELERON N150 RAM 8GB SSD 512GB W11+OHS 14.0 WUXGA + OFFICE 365 1 THN,
P77,ACER ASPIRE LITE 14 AL14-32P-37SA DDR5 SILVER,6499000,LAPTOP ACER,img\produk\AL14-32P-C8PX DDR5 SILVER.jpg,COREI3 N355 RAM 8GB SSD 256GB W11+OHS 14.0WUXGA IPS,
P78,ACER ASPIRE LITE 15 AL14-37P-38NN DDR4 BLUE,6499000,LAPTOP ACER,img\produk\AL14-37P-C9CP DDR4 SILVER BLUE PINK.png,CORE I3 N355 RAM 8GB SSD 256GB W11+OHS 14.0WUXGA IPS,
P79,ACER ASPIRE LITE 16 AL14-37P-3511 DDR4 NUDE PINK,6499000,LAPTOP ACER,img\produk\AL14-37P-C9CP DDR4 SILVER BLUE PINK.png,CORE I3 N355 RAM 8GB SSD 256GB W11+OHS 14.0WUXGA IPS,
P80,ACER ASPIRE AL14-32P-38RE DDR5 SILVER,6999000,LAPTOP ACER,img\produk\AL14-32P-C8PX DDR5 SILVER.jpg,CORE I3 N355 RAM 8GB SSD 512GB W11+OHS 14.0 WUXGA IPS,
P81,ACER ASPIRE  AL14-32P-37CE DDR5 BLUE,6999000,LAPTOP ACER,img\produk\AL14-37P-C9CP DDR4 SILVER BLUE PINK.png,CORE I3 N355 RAM 8GB SSD 512GB W11+OHS 14.0 WUXGA IPS,
P82,ACER ASPIRE AL14-37P-32RZ DDR4 SILVER,6999000,LAPTOP ACER,img\produk\AL14-37P-C9CP DDR4 SILVER BLUE PINK.png,CORE I3 N355 RAM 8GB SSD 512GB W11+OHS 14.0 WUXGA IPS,
P83,ACER ASPIRE AL14-37P-36AW DDR4 PINK,6999000,LAPTOP ACER,img\produk\AL14-37P-C9CP DDR4 SILVER BLUE PINK.png,"CORE I3 N355, RAM 8GB, SSD 512GB W11+OHS 14.0 WUXGA IPS",
P84,ASUS E210KA-HD4411M PEACOCK BLUE,4299000,LAPTOP ASUS,img\produk\E210KA-HD4411M PEACOCK BLUE.webp,"N4500 RAM 8GB SSD 128 WIN11+OHS  11.6"" HD + OFFICE 365 1 TAHUN",
P85,ASUS E210KA-HD4413M STAR BLACK,4299000,LAPTOP ASUS,img\produk\E210KA-HD4413M STAR BLACK.png,"N4500 RAM 8GB SSD 128 WIN11+OHS  11.6"" HD + OFFICE 365 1 TAHUN",
P86,ASUS E410KA-FHD4821M BLACK,4999000,LAPTOP ASUS,img\produk\E410KA-FHD4821M BLACK SILVER BLUE PINK.png,"N4500 RAM 8GB SSD 256 WIN11+OHS 14"" FHD + OFFICE 365 1 TAHUN",
P87,ASUS E410KA-FHD4822M ROSE PINK,4999000,LAPTOP ASUS,img\produk\E410KA-FHD4821M BLACK SILVER BLUE PINK.png,"N4500 RAM 8GB SSD 256 WIN11+OHS 14"" FHD + OFFICE 365 1 TAHUN",
P88,ASUS E410KA-FHD4823M PEACOCK BLUE,4999000,LAPTOP ASUS,img\produk\E410KA-FHD4821M BLACK SILVER BLUE PINK.png,"N4500 RAM 8GB SSD 256 WIN11+OHS 14"" FHD + OFFICE 365 1 TAHUN",
P89,ASUS E410KA-FHD4824M DREAMY WHITE ,4999000,LAPTOP ASUS,img\produk\E410KA-FHD4821M BLACK SILVER BLUE PINK.png,"N4500 RAM 8GB SSD 256 WIN11+OHS 14"" FHD + OFFICE 365 1 TAHUN",
P90,ASUS VIVOBOOK GO 14 E410KA-FHD4851M STAR BLACK,5399000,LAPTOP ASUS,img\produk\ASUS VIVOBOOK GO 14  E410KA-FHD4851M STAR BLACK BLUE  PNIK.png,CELERON N4500  RAM 8GB  SSD 512GB  W11+OHS  BACKLIT KEYBOARD  14.0 FHD +M365,
P91,ASUS VIVOBOOK GO 14 E410KA-FHD4852M ROSE PINK,5399000,LAPTOP ASUS,img\produk\ASUS VIVOBOOK GO 14  E410KA-FHD4851M STAR BLACK BLUE  PNIK.png,CELERON N4500  RAM 8GB  SSD 512GB  W11+OHS  BACKLIT KEYBOARD  14.0 FHD +M365,
P92,ASUS VIVOBOOK GO 14 E410KA-FHD4853M PEACOCK BLUE,5399000,LAPTOP ASUS,img\produk\ASUS VIVOBOOK GO 14  E410KA-FHD4851M STAR BLACK BLUE  PNIK.png,CELERON N4500  RAM 8GB  SSD 512GB  W11+OHS  BACKLIT KEYBOARD  14.0 FHD +M365,
P93,ASUS A1404VA-VIPS3821M QUIET BLUE,6999000,LAPTOP ASUS,img\produk\A1404VA-VIPS3821M QUIET 3 WARNA.png,CORE I3-1315U  RAM 8GB  256GB SSD  WIN 11 14.0 FHD + OHS + M365,
P94,ASUS A1404VA-VIPS3822M TERRA COTA,6999000,LAPTOP ASUS,img\produk\A1404VA-VIPS3821M QUIET 3 WARNA.png,CORE I3-1315U  RAM 8GB  256GB SSD  WIN 11 14.0 FHD + OHS + M365,
P95,ASUS A1404VA-VIPS3823M TRANSPARANT SILVER,6999000,LAPTOP ASUS,img\produk\A1404VA-VIPS3821M QUIET 3 WARNA.png,CORE I3-1315U  RAM 8GB  256GB SSD  WIN 11 14.0 FHD + OHS + M365,
P96,ASUS A1404VA-VIPS3851M QUIET BLUE,7199000,LAPTOP ASUS,img\produk\A1404VA-VIPS3821M QUIET 3 WARNA.png,CORE I3-1315U  RAM 8GB  SSD 512GB  14.0 W11+OHS+M365,
P97,ASUS A1404VA-VIPS3852M TERRACOTTA,7199000,LAPTOP ASUS,img\produk\A1404VA-VIPS3821M QUIET 3 WARNA.png,CORE I3-1315U  RAM 8GB  SSD 512GB  14.0 W11+OHS+M365,
P98,ASUS A1404VA-VIPS3853M TRANSPARANT SILVER,7199000,LAPTOP ASUS,img\produk\A1404VA-VIPS3821M QUIET 3 WARNA.png,CORE I3-1315U  RAM 8GB  SSD 512GB  14.0 W11+OHS+M365,
P99,ASUS A1404VAP-VIPS5851M QUIET BLUE,9599000,LAPTOP ASUS,img\produk\A1404VA-VIPS3821M QUIET 3 WARNA.png,CORE 5-120U  RAM 8GB  512 SSD  WIN11  14.0 FHD IPS + OHS + M365,
P100,ASUS A1404VAP-VIPS5852M TERRA COTTA,9599000,LAPTOP ASUS,img\produk\A1404VA-VIPS3821M QUIET 3 WARNA.png,CORE 5-120U  RAM 8GB  512 SSD  WIN11  14.0 FHD IPS + OHS + M365,
P101,ASUS A1404VAP-VIPS5853M COOL SILVER,9599000,LAPTOP ASUS,img\produk\A1404VA-VIPS3821M QUIET 3 WARNA.png,CORE 5-120U  RAM 8GB  512 SSD  WIN11  14.0 FHD IPS + OHS + M365,
P102,ASUS A1404VAP-VIPS5151M QUIET BLUE,10399000,LAPTOP ASUS,img\produk\A1404VA-VIPS3821M QUIET 3 WARNA.png,Core 5 120U  RAM 8GB+8GB  SSD 512GB  VIPS+FHD  OPI 2024 + FREE M365  Win 11Upgradable,
P103,ASUS A1404VAP-VIPS5152M TERRA COTTA,10399000,LAPTOP ASUS,img\produk\A1404VA-VIPS3821M QUIET 3 WARNA.png,Core 5 120U  RAM 8GB+8GB  SSD 512GB  VIPS+FHD  OPI 2024 + FREE M365  Win 11Upgradable,
P104,ASUS A1404VAP-VIPS5153M COOL SILVER,10399000,LAPTOP ASUS,img\produk\A1404VA-VIPS3821M QUIET 3 WARNA.png,Core 5 120U  RAM 8GB+8GB  SSD 512GB  VIPS+FHD  OPI 2024 + FREE M365  Win 11Upgradable,
P105,ASUS S3407VA-VIPS5111M MATTE GRAY,11599000,LAPTOP ASUS,img\produk\S3407VA-VIPS5111M MATTE GRAY.png,CORE 5 210H  RAM 16GB  SSD 1TB  W11+OHS + M365  14.0,
P106,ASUS S3407VA-VIPS5112M COOL SILVER,11599000,LAPTOP ASUS,img\produk\S3407VA-VIPS5112M COOL SILVER.webp,CORE 5 210H  RAM 16GB  SSD 1TB  W11+OHS + M365  14.0,
P107,ASUS A1404VA-VIPS7153M SILVER,11699000,LAPTOP ASUS,img\produk\A1404VA-VIPS7153M SILVER.png,CORE I7-1355U  RAM 16GB  512SSD 14.0 FHD IPS  W11+OHS  + OFFICE 365 1 TAHUN,
P108,ASUS A1404VAP-VIPS7111M QUIET BLUE,13299000,LAPTOP ASUS,img\produk\A1404VAP-VIPS7111M QUIET BLUE 3WARNA.png,CORE 7-150U  RAM 16GB  SSD 1TB  W11+OHS+M365  14.0,
P109,ASUS A1404VAP-VIPS7112M TERRA COTTA,13299000,LAPTOP ASUS,img\produk\A1404VAP-VIPS7111M QUIET BLUE 3WARNA.png,CORE 7-150U  RAM 16GB  SSD 1TB  W11+OHS+M365  14.0,
P110,ASUS A1404VAP-VIPS7113M COOL SILVER,13299000,LAPTOP ASUS,img\produk\A1404VAP-VIPS7111M QUIET BLUE 3WARNA.png,CORE 7-150U  RAM 16GB  SSD 1TB  W11+OHS+M365  14.0,
P111,ASUS S3407CA-VIPS7111M GREY,14499000,LAPTOP ASUS,img\produk\S3407CA-VIPS7111M GREY SILVER.png,ULTRA 7 255H  RAM 16GB  1TB SSD  WIN 11 14.0 IPS WUXGA  + OHM + M365,
P112,ASUS S3407CA-VIPS7112M COOL SILVER,14499000,LAPTOP ASUS,img\produk\S3407CA-VIPS7111M GREY SILVER.png,ULTRA 7 255H  RAM 16GB  1TB SSD  WIN 11 14.0 IPS WUXGA  + OHM + M365,
P113,ASUS ASUS PRO 15 N6506CU-OLEDS9211M GREY,26699000,LAPTOP ASUS,img\produk\ASUS PRO 15 N6506CU-OLEDS9211M GREY.jpg,"ULTRA 9-285H  RTX4050 6GB  RAM 24GB  SSD 1TB  W11+OHS  15.6"" 3K 120Hz OLED SCREEN",
P114,ASUS QUALCOMM VIVOBOOK A1407QA-VIPS151M QUIET BLUE,9899000,LAPTOP ASUS,img\produk\QUALCOMM VIVOBOOK A1407QA-VIPS151M QUIET BLUE.png,Snapdragon X126100  RAM 16GB  512G SSD  WIN11  14.0 WUXGA IPS OHM+M365,
P115,ASUS QUALCOMM VIVOBOOK A1407QA-VIPS152M PLATINUM GOLD,9899000,LAPTOP ASUS,img\produk\QUALCOMM VIVOBOOK A1407QA-VIPS151M QUIET BLUE.png,Snapdragon X126100  RAM 16GB  512G SSD  WIN11  14.0 WUXGA IPS OHM+M365,
P116,ASUS QUALCOMM VIVOBOOK A1407QA-VIPS153M COOL SILVER,9899000,LAPTOP ASUS,img\produk\QUALCOMM VIVOBOOK A1407QA-VIPS151M QUIET BLUE.png,Snapdragon X126100  RAM 16GB  512G SSD  WIN11  14.0 WUXGA IPS OHM+M365,
P117,ASUS S3407QA-IPSP151M MATTE GREY,9999000,LAPTOP ASUS,img\produk\S3407QA-IPSP151M MATTE GREY.jpg,Snapdragon X126100   DDR 16GB  512gb SSD  WIN11 14.0 WUXGA IPS 2.5K OHM+M365,
P118,ASUS S3407QA-IPSP152M COOL SILVER,9999000,LAPTOP ASUS,img\produk\S3407QA-IPSP151M MATTE GREY.jpg,Snapdragon X126100   DDR 16GB  512gb SSD  WIN11 14.0 WUXGA IPS 2.5K OHM+M365,
P119,ASUS E1404FA-FHD3821M BLACK,6150000,LAPTOP ASUS,img\produk\E1404FA-FHD3821M BLACK.png,RYZEN 3-7320U  RAM 8GB  256GB SSD  W11+OHS  BACKLIT KEYBOARD  FHD  14.0,
P120,ASUS E1404FA-FHD3822M GREEN GREY,6150000,LAPTOP ASUS,img\produk\E1404FA-FHD3821M BLACK.png,RYZEN 3-7320U  RAM 8GB  256GB SSD  W11+OHS  BACKLIT KEYBOARD  FHD  14.0,
P121,ASUS E1404FA-FHD3823M SILVER,6150000,LAPTOP ASUS,img\produk\E1404FA-FHD3821M BLACK.png,RYZEN 3-7320U  RAM 8GB  256GB SSD  W11+OHS  BACKLIT KEYBOARD  FHD  14.0,
P122,ASUS E1404FA-FHD3851M MIXED BLACK,6299000,LAPTOP ASUS,img\produk\E1404FA-FHD3821M BLACK.png,RYZEN 3-7320U  RAM 8GB  512GB SSD  W11+OHS  BACKLIT KEYBOARD  FHD  14.0,
P123,ASUS E1404FA-FHD3852M GREEN GREY,6299000,LAPTOP ASUS,img\produk\E1404FA-FHD3821M BLACK.png,RYZEN 3-7320U  RAM 8GB  512GB SSD  W11+OHS  BACKLIT KEYBOARD  FHD  14.0,
P124,ASUS E1404FA-FHD3853M COOL SILVER,6299000,LAPTOP ASUS,img\produk\E1404FA-FHD3821M BLACK.png,RYZEN 3-7320U  RAM 8GB  512GB SSD  W11+OHS  BACKLIT KEYBOARD  FHD  14.0,
P125,ASUS E1504FA-VIPS3151M MIXED BLACK,8299000,LAPTOP ASUS,img\produk\E1404FA-FHD3821M BLACK.png,"RYZEN 3-7320U  RAM 16GB  SSD 512GB  W11+OHS+365 15.6"" NON UPGRADE",
P126,ASUS E1504FA-VIPS3152M GREEN GREY,8299000,LAPTOP ASUS,img\produk\E1404FA-FHD3821M BLACK.png,"RYZEN 3-7320U  RAM 16GB  SSD 512GB  W11+OHS+365 15.6"" NON UPGRADE",
P127,ASUS E1504FA-VIPS3153M COOL SILVER,8299000,LAPTOP ASUS,img\produk\E1404FA-FHD3821M BLACK.png,"RYZEN 3-7320U  RAM 16GB  SSD 512GB  W11+OHS+365 15.6"" NON UPGRADE",
P128,ASUS Vivobook Go 14 E1404FA-VIPS5851M MIXED BLACK,8199000,LAPTOP ASUS,img\produk\E1404FA-FHD3821M BLACK.png,RYZEN 5-7520U  DDR 8GB  SSD 512GB  WIN 11+ OHS + incl Microsoft 365   14.0 FHD IPS,
P129,ASUS Vivobook Go 14 E1404FA-VIPS5852M GREEN GREY,8199000,LAPTOP ASUS,img\produk\E1404FA-FHD3821M BLACK.png,RYZEN 5-7520U  DDR 8GB  SSD 512GB  WIN 11+ OHS + incl Microsoft 365   14.0 FHD IPS,
P130,ASUS Vivobook Go 14 E1404FA-VIPS5853M COOL SILVER,8199000,LAPTOP ASUS,img\produk\E1404FA-FHD3821M BLACK.png,RYZEN 5-7520U  DDR 8GB  SSD 512GB  WIN 11+ OHS + incl Microsoft 365   14.0 FHD IPS,
P131,ASUS VIVOBOOK GO 14 E1404FA-VIPS5151M MIXED BLACK,8899000,LAPTOP ASUS,img\produk\E1404FA-FHD3821M BLACK.png,RYZEN 5-7520U  RAM 16GB  SSD 512GB  W11+OHS  14.0 FHD IPS + OFFICE 365 1 TAHUN,
P132,ASUS VIVOBOOK GO 14 E1404FA-VIPS5152M GREEN GREY,8899000,LAPTOP ASUS,img\produk\E1404FA-FHD3821M BLACK.png,RYZEN 5-7520U  RAM 16GB  SSD 512GB  W11+OHS  14.0 FHD IPS + OFFICE 365 1 TAHUN,
P133,ASUS VIVOBOOK GO 14 E1404FA-VIPS5153M COOL SILVER,8899000,LAPTOP ASUS,img\produk\E1404FA-FHD3821M BLACK.png,RYZEN 5-7520U  RAM 16GB  SSD 512GB  W11+OHS  14.0 FHD IPS + OFFICE 365 1 TAHUN,
P134,ASUS E1504FA-VIPS5151M MIXED BLACK,8999000,LAPTOP ASUS,img\produk\E1504FA-VIPS5151M MIXED BLACK 3 WARNA.png,"RYZEN 5 7520U  RAM 16GB  SSD 512GB  W11+OHS + M365  15.6"" VIPS",
P135,ASUS E1504FA-VIPS5152M GREEN GREY,8999000,LAPTOP ASUS,img\produk\E1504FA-VIPS5151M MIXED BLACK 3 WARNA.png,"RYZEN 5 7520U  RAM 16GB  SSD 512GB  W11+OHS + M365  15.6"" VIPS",
P136,ASUS E1504FA-VIPS5153M COOL SILVER,8999000,LAPTOP ASUS,img\produk\E1504FA-VIPS5151M MIXED BLACK 3 WARNA.png,"RYZEN 5 7520U  RAM 16GB  SSD 512GB  W11+OHS + M365  15.6"" VIPS",
P137,ASUS M1407KA-VIPS5151M QUIET BLUE,10599000,LAPTOP ASUS,img\produk\M1407KA-VIPS5151M QUIET BLUE.jpg,RYZEN AI 5-340  RAM 16GB  512GB SSD  WIN11 14.0 WUXGA + OHM + M365,
P138,ASUS M1407KA-VIPS5152M PLATINUM GOLD,10599000,LAPTOP ASUS,img\produk\M1407KA-VIPS5151M PLATINUM GOLD.jpeg,RYZEN AI 5-340  RAM 16GB  512GB SSD  WIN11 14.0 WUXGA + OHM + M365,
P139,ASUS M1407KA-VIPS5153M COOL SILVER,10599000,LAPTOP ASUS,img\produk\M1407KA-VIPS5151M QUIET SILVER.jpeg,RYZEN AI 5-340  RAM 16GB  512GB SSD  WIN11 14.0 WUXGA + OHM + M365,
P140,ASUS M1405YA-VIPS7151M BLACK,10499000,LAPTOP ASUS,img\produk\M1405YA-VIPS7151M BLACK.jpg,RYZEN 7-7730U  RAM 16GB  512 SSD  W11+OHS  LED BACKLIT  FINGERPRINT  14.0 WUXGA VIPS,
P141,ASUS M1405YA-VIPS7152M COOL SILVER,10499000,LAPTOP ASUS,img\produk\M1405YA-VIPS7152M COOL SILVER.jpg,RYZEN 7-7730U  RAM 16GB  512 SSD  W11+OHS  LED BACKLIT  FINGERPRINT  14.0 WUXGA VIPS,
P142,ASUS VIVOBOOK S14 M3407HA-VIPS7111M MATTE GRAY,13099000,LAPTOP ASUS,img\produk\M3407HA-VIPS7111M MATTE GRAY.jpg,RYZEN 7 260  RAM 16GB  1TB SSD  VIPS  2K OPI 2024 + FREE M365  WIN 11,
P143,ASUS VIVOBOOK S15 M3407HA-VIPS7112M COOL SILVER,13099000,LAPTOP ASUS,img\produk\M3407HA-VIPS7112M COOL SILVER.jpg,RYZEN 7 260  RAM 16GB  1TB SSD  VIPS  2K OPI 2024 + FREE M365  WIN 11,
P144,ASUS M3407KA-OLED7111M MATTE GRAY,14999000,LAPTOP ASUS,img\produk\M3407HA-VIPS7111M MATTE GRAY.jpg,RYZEN 7 350  RAM 16GB  SSD 1TB  W11  OHS  14,
P145,ASUS M3407KA-OLED7112M COOL SILVER,14999000,LAPTOP ASUS,img\produk\M3407HA-VIPS7112M COOL SILVER.jpg,RYZEN 7 350  RAM 16GB  SSD 1TB  W11  OHS  14,
P146,ASUS EXPERTBOOK P1403CVA-S63850WS MISTY GREY,7199000,LAPTOP ASUS,img\produk\P1403CVA-S63850WS MISTY GREY.jpg,CORE I3-1315U  RAM 8GB  512GB SSD  WIN11 14.0 FHD VIPS + OHS,
P147,ASUS EXPERTBOOK P1403CVA-S65150WS MIST GREYV,10199000,LAPTOP ASUS,img\produk\P1403CVA-S63850WS MISTY GREY.jpg,CORE I5-13420H  RAM 16GB  SSD 512GB  14.0 FHD.W11+OHS FINGERPRINT,
P148,ASUS EXPERTBOOK P1403CVA-S67151WS  MISTY GREY ,12199000,LAPTOP ASUS,img\produk\P1403CVA-S63850WS MISTY GREY.jpg,CORE I7-13620H  DDR5 16G  512GB 2280 PCIE G4  14.0  VIPS  FHD(1920x1080)  Win11 Home+OHS+M365  50WH  Wifi6  3Y (1Y ADP)  Fingerprint/Mcafee 1Y  ExpertMeet,
P149,ASUS EXPERTBOOK P3405CVA-LY5150WS MISTY GREY,12199000,LAPTOP ASUS,img\produk\P1403CVA-S63850WS MISTY GREY.jpg,"CORE I5-13420H  RAM 16GB  512 SSD  WIN11 14"" FHD VIPS+OHS",
P150,ASUS EXPERTBOOK P3405CVA-LY7110WS MISTY GREY,14699000,LAPTOP ASUS,img\produk\P1403CVA-S63850WS MISTY GREY.jpg,CORE I7-13620H  RAM 16GB  SSD 1TB  WIN 11+OSH  14.0,
P151,ASUS EXPERTBOOK PM1403CDA-S65150W GREY,8999000,LAPTOP ASUS,img\produk\P1403CVA-S63850WS MISTY GREY.jpg,"RYZEN 5 7535HS  RAM 16GB  SSD 512GB  W11+OHS+M365  14"" FHD IPS ( FREE MCAFEE 1THN )",
P152,ASUS EXPERTBOOK PM1403CDA - S67150WS GREY,10899000,LAPTOP ASUS,img\produk\P1403CVA-S63850WS MISTY GREY.jpg,"RYZEN 7 7735HS  RAM 16GB  SSD 512GB  W11+OHS+M365  14"" FHD VIPS ( FREE MCAFEE 1THN )",
P153,ASUS ZENBOOK ASUS ZENBOOK UM3406KA-OLED7151M JADE BLACK,16999000,LAPTOP ASUS,img\produk\ASUS ZENBOOK UM3406KA-OLED7151M JADE BLACK.png,RYZEN AI 7 350  RAM 16GB  SSD 512  W11+OHS  14.0 WUXGA,
P154,SUS ZENBOOK 14 UM3406KA-OLEDS7311M JADE BLACK,20699000,LAPTOP ASUS,img\produk\ASUS ZENBOOK UM3406KA-OLED7151M JADE BLACK.png,RYZEN AI 7 350  RAM 32GB  1TB SSD  BAKCLIT KEYBOARD  W11+OHM + M365 14.0 3K OLED120HZ,
P155,ASUS ZENBOOK UX3405CA-OLEDS9311TM PONDER BLUE,22999000,LAPTOP ASUS,img\produk\UX3405CA-OLEDS9311TM PONDER BLUE.png,ULTRA 9 285H  RAM 32GB  SSD 1TB  W11+OHS  14.0 3K TOUHSCREEN,
P156,ASUS ZENBOOK UX3405CA-OLEDS9312TM FOGGY SILVER,22999000,LAPTOP ASUS,img\produk\UX3405CA-OLEDS9312TM FOGGY SILVER.png,ULTRA 9 285H  RAM 32GB  SSD 1TB  W11+OHS  14.0 3K TOUHSCREEN,
P157,AXIOO HYPE 1 GREY,3399000,LAPTOP AXIOO,img\produk\AXIOO HYPE 1 GREY.png,CELERON N4020  *RAM 4GB*  SSD 128  W11  HD 14.0 (TIDAK DAPAT TAS),
P158,AXIOO HYPE 1 GREY,3599000,LAPTOP AXIOO,img\produk\AXIOO HYPE 1 GREY.png,CELERON N4020  *RAM 8GB*  SSD 128  W11  HD 14.0 (TIDAK DAPAT TAS),
P159,AXIOO HYPE 3 G11 BLUE,5399000,LAPTOP AXIOO,img\produk\AXIOO HYPE 3 G11 BLUE.png,CORE I3-1125G4  RAM 8GB  *SSD 256*  W11  14.0 FHD,
P160,AXIOO HYPE 3 G11 BLUE,5949000,LAPTOP AXIOO,img\produk\AXIOO HYPE 3 G11 BLUE.png,CORE I3-1125G4  RAM 8GB  *SSD 512*  W11  14.0 FHD,
P161,AXIOO HYPE R3 OLED GREY,8599000,LAPTOP AXIOO,img\produk\AXIOO HYPE R5 OLED GREY.png,CORE I3-1215U  RAM 24GB  SSD 256GB  W11  14.0 FHD OLED,
P162,AXIOO HYPE R5 OLED GREY,10699000,LAPTOP AXIOO,img\produk\AXIOO HYPE R5 OLED GREY.png,CORE I5-1235U  RAM 24GB  SSD 512GB  W11  14.0 FHD OLED,
P163,AXIOO HYPE 5 X3 GREY,5399000,LAPTOP AXIOO,img\produk\AXIOO HYPE 5 X3 GREY.png,RYZEN 5-3500  RAM 8GB  SSD 256  W11  14,
P164,AXIOO HYPE 5 X3 BLUE (JKT48 LOLLIPOP EDITION),5399000,LAPTOP AXIOO,img\produk\AXIOO HYPE 5 X52 PINK BLUE JKT48 LOLLIPOP EDITION BLUE.png,RYZEN 5-3500  RAM 8GB  SSD 256  W11  14,
P165,AXIOO HYPE 5 X3 PINK  (JKT48 LOLLIPOP EDITION),5399000,LAPTOP AXIOO,img\produk\AXIOO HYPE 5 X5-2 PINK JKT48 LOLLIPOP EDITION.png,RYZEN 5-3500  RAM 8GB  SSD 256  W11  14,
P166,AXIOO HYPE 5 X5-2 BLUE JKT48 LOLLIPOP EDITION,6549000,LAPTOP AXIOO,img\produk\AXIOO HYPE 5 X52 PINK BLUE JKT48 LOLLIPOP EDITION BLUE.png,RYZEN 5-7430U  RAM 8  SSD 256  W11  14.0 FHD IPS,
P167,AXIOO HYPE 5 X5-2 PINK JKT48 LOLLIPOP EDITION,6549000,LAPTOP AXIOO,img\produk\AXIOO HYPE 5 X5-2 PINK JKT48 LOLLIPOP EDITION.png,RYZEN 5-7430U  RAM 8  SSD 256  W11  14.0 FHD IPS,
P168,AXIOO HYPE 5 X5-2 BLUE,6549000,LAPTOP AXIOO,img\produk\AXIOO HYPE 5 X5-2 BLUE.png,RYZEN 5-7430  RAM 8GB  SSD 256  W11  14,
P169,AXIOO HYPE 5 X5-2 GREY,7499000,LAPTOP AXIOO,img\produk\AXIOO HYPE 5 X5-2 BLUE.png,RYZEN 5-7430  RAM 16GB  SSD 256  W11  14,
P171,AXIOO HYPE 7 X8-2 GREY,10649000,LAPTOP AXIOO,img\produk\AXIOO HYPE 7 X8-2 GREY.png,RYZEN 7-7735HS  RAM 16GB  512GB SSD  14.0 FHD  WIN11,
P172,AXIOO HYPE-R X8 OLED GREY,11499000,LAPTOP AXIOO,img\produk\AXIOO HYPE-R X8 OLED GREY.png,RYZEN 7-685  RAM 16GB  SSD 512GB  W11  14.0 FHD IPS BLIT HDMI,
P173,AXIOO PONGO 725 V2 GREY,12499000,LAPTOP AXIOO,img\produk\AXIOO PONGO 725 V2 GREY.png,CORE I7-13620H  RAM 16GB  512 SSD  RTX2050 4GB  15.6'' FHD 144Hz  WIN11,
P174,AXIOO PONGO 735 GREY,14499000,LAPTOP AXIOO,img\produk\AXIOO PONGO 735 GREY.png,CORE I7-13620H  RAM 16GB  SSD 512GB  RTX3050  W11  15.6'' FHD 144Hz IPS ,
P175,LENOVO SLIM 3 14IRU8 82X6005LID ABBYS BLUE,6499000,LAPTOP LENOVO,img\produk\LENOVO SLIM 3 14IRU8.png,COREI3-1315U  RAM 8GB  SSD 256GB  14.0 W11,
P176,LENOVO SLIM 3 14IRU8 82X6005NID GREY,6499000,LAPTOP LENOVO,img\produk\LENOVO SLIM 3 14IRU8.png,COREI3-1315U  RAM 8GB  SSD 256GB  14.0 W11,
P177,LENOVO SLIM 3 14IRU8 82X6006EID ABBYS BLUE,6899000,LAPTOP LENOVO,img\produk\LENOVO SLIM 3 14IRU8.png,CORE I3-1315U  RAM 8GB  SSD 512GB  W11+0HS  14,
P178,LENOVO SLIM 3 14IRU8 82X6006FID ARTIC GREY,6899000,LAPTOP LENOVO,img\produk\LENOVO SLIM 3 14IRU8.png,CORE I3-1315U  RAM 8GB  SSD 512GB  W11+0HS  14,
P179,LENOVO SLIM 3 14IRU8 82X6005PID  ARTIC GREY,6899000,LAPTOP LENOVO,img\produk\LENOVO SLIM 3 14IRU8.png,"CORE I3-1315U  RAM 8GB  512 SSD  WIN11 14"" FHD + OHS",
P180,LENOVO SLIM 3 14IRU8 82X6005MID ABBYS BLUE,6899000,LAPTOP LENOVO,img\produk\LENOVO SLIM 3 14IRU8.png,"CORE I3-1315U  RAM 8GB  512 SSD  WIN11 14"" FHD + OHS",
P181,LENOVO IDEAPAD SLIM 3 14IRH10 8EK0007DID BLUE,8849000,LAPTOP LENOVO,img\produk\LENOVO IDEAPAD SLIM 3 14IRH10 8EK0007DID BLUE.png,CORE I5-13420H  RAM 8GB  512GB SSD  W11+OHS+M365  BACKLIT 14.0  UPGRADABLE  WUXGA,
P182,LENOVO IDEAPAD SLIM 3 14IRH10 83K0007EID GREY,8849000,LAPTOP LENOVO,img\produk\LENOVO IDEAPAD SLIM 3 14IRH10 8EK0007DID BLUEQQ.png,CORE I5-13420H  RAM 8GB  512GB SSD  W11+OHS+M365  BACKLIT 14.0  UPGRADABLE  WUXGA,
P183,LENOVO SLIM 3 14IRH10 83K000BWID LUNA GREY,8999000,LAPTOP LENOVO,img\produk\LENOVO SLIM 3 14IRH10 83K000BWID LUNA GREY.png,CORE I5-13420H  RAM 8GB  512GB SSD  W11+OHS+M365  BACKLIT 14.0  UPGRADABLE  WUXGA,
P184,LENOVO SLIM 3 14IRH10 83K000BYID COSMIC BLUE,8999000,LAPTOP LENOVO,img\produk\LENOVO SLIM 3 14IRH10 83K000BWID LUNA GREY.png,CORE I5-13420H  RAM 8GB  512GB SSD  W11+OHS+M365  BACKLIT 14.0  UPGRADABLE  WUXGA,
P185,LENOVO SLIM 3 14IRH10 83K000BXID COSMIC BLUE,11699000,LAPTOP LENOVO,img\produk\LENOVO SLIM 3 14IRH10 83K000BWID LUNA GREY.png,CORE I7 13620H  RAM 16GB  SSD 512GB  W11+OHS+M365M  14.0 WUXGA,
P186,LENOVO SLIM 3 14IRH10 83K000C0ID LUNA GREY,11699000,LAPTOP LENOVO,img\produk\LENOVO SLIM 3 14IRH10 83K000BWID LUNA GREY.png,CORE I7 13620H  RAM 16GB  SSD 512GB  W11+OHS+M365M  14.0 WUXGA,
P187,LENOVO SLIM 3 14AMN8 82XN009WID ARTIC GREY,6999000,LAPTOP LENOVO,img\produk\LENOVO SLIM 3 14AMN8 82XN009WID ARTIC GREY.avif,RYZEN 3 7320U  RAM 8GB  SSD 512GB  W11+OHS  14,
P188,LENOVO IDEAPAD SLIM 3 82XL007CID ABYSS BLUE,8699000,LAPTOP LENOVO,img\produk\LENOVO IDEAPAD SLIM 3 82XL007CID ABYSS BLUE.jpg,RYZEN 5-7530U  RAM 8GB  SSD 512GB  W11+OHS  BACKLIT KEYBOARD  14.0 FHD,
P189,LENOVO IDEAPAD SLIM 3 82XL007BID GREY,8699000,LAPTOP LENOVO,img\produk\LENOVO IDEAPAD SLIM 3 82XL007CID ABYSS BLUE.jpg,RYZEN 5-7530U  RAM 8GB  SSD 512GB  W11+OHS  BACKLIT KEYBOARD  14.0 FHD,
P190,LENOVO SLIM 3 14ARP10 83K6005LID LUNA GREY,8899000,LAPTOP LENOVO,img\produk\LENOVO SLIM 3 14ARP10 83K6005LID LUNA GREY.jpg,RYZEN 5 7535HS  DDR 8GB  SSD 512GB  W11+OHS  14.0 WUXGA,
P191,LENOVO SLIM 3 14ARP10 83K6005KID COSMIC BLUE,8899000,LAPTOP LENOVO,img\produk\LENOVO SLIM 3 14ARP10 83K6005LID LUNA GREY.jpg,RYZEN 5 7535HS  DDR 8GB  SSD 512GB  W11+OHS  14.0 WUXGA,
P192,LENOVO SLIM 3 14ABR8 82XL0090ID ARTIC GREY,9099000,LAPTOP LENOVO,img\produk\LENOVO SLIM 3 14ABR8  82XL0090ID ARTIC GREY.png,RYZEN 5 5625U  RAM 16GB  SSD 512GB  14.0  FHD IPS   WIN11 + OHM + M365,
P193,LENOVO SLIM 3 14ABR8 82XL008YID ABBYS BLUE,9099000,LAPTOP LENOVO,img\produk\LENOVO SLIM 3 14ABR8  82XL0090ID ARTIC GREY.png,RYZEN 5 5625U  RAM 16GB  SSD 512GB  14.0  FHD IPS   WIN11 + OHM + M365,
P194,LENOVO SLIM 3 14ARP10 83K6005NID COSMIC BLUE,10499000,LAPTOP LENOVO,img\produk\LENOVO SLIM 3 14ARP10 83K6005NID COSMIC BLUE.png,RYZEN 7 7735HS  DDR 16GB  SSD 512GB  W11+OHS  14.0 WUXGA,
P195,LENOVO SLIM 3 14ARP10 83K6005MID LUNA GREY,10499000,LAPTOP LENOVO,img\produk\LENOVO SLIM 3 14ARP10 83K6005NID COSMIC BLUE GRAY.png,RYZEN 7 7735HS  DDR 16GB  SSD 512GB  W11+OHS  14.0 WUXGA,
P196,LENOVO SLIM 5 83J2003VID CLOUD GREY,11999000,LAPTOP LENOVO,img\produk\LENOVO SLIM 5 83J2003VID CLOUD GREY.png,"RYZEN 7 7735HS  RAM 16GB  SSD 512  W11+OHS+M365 BASIC  13.3"" WUXGA",
P197,LENOVO IDEAPAD SLIM 5 83HV0031ID COSMIC BLUE,12299000,LAPTOP LENOVO,img\produk\LENOVO IDEAPAD SLIM 5 83HV0031ID COSMIC BLUE.avif,RYZEN 7 8845HS  RAM 16GB  512GB SSD  W11+OHS,
P198,LENOVO IDEAPAD SLIM 5 83HV0030ID LUNA GREY,12299000,LAPTOP LENOVO,img\produk\LENOVO IDEAPAD SLIM 5 83HV0031ID COSMIC BLUE.avif,RYZEN 7 8845HS  RAM 16GB  512GB SSD  W11+OHS,
P199,LENOVO SLIM 5 14AKP10 83HX00AYID LUNA GREY,12899000,LAPTOP LENOVO,img\produk\LENOVO SLIM 5 14AKP10 83HX00AYID LUNA GREY.png,RYZEN AI 7 350  RAM 16GB  SSD 512GB  W11+OHS  14.0 WUXGA,
P200,LENOVO SLIM 5 14AKP10 83HX00B1ID COSMIC BLUE,12899000,LAPTOP LENOVO,img\produk\LENOVO SLIM 5 14AKP10 83HX00AYID LUNA GREY.png,RYZEN AI 7 350  RAM 16GB  SSD 512GB  W11+OHS  14.0 WUXGA,
P201,LENOVO V14 G4 82YX005BID GREY,8249000,LAPTOP LENOVO,img\produk\LENOVO V14 G4 82YX005BID GREY.avif,RYZEN 5 7430  RAM 8GB  SSD 512GB  W11+OHS  14.0  FHD  IPS,
P202,LENOVO IDEAPAD 5 14IRU9 83KX006BID COSMIC BLUE,12699000,LAPTOP LENOVO,img\produk\LENOVO IDEAPAD 5 14IRU9 83KX006BID COSMIC BLUE.avif,CORE I5-13420H  RAM 16GB  SSD 512GB  W11+OHS  14.0  WUXGA TOUCH 2 IN 1 PEN ,
P203,LENOVO IDEAPAD 5 14IRU9 83KX006DID LUNA GREY,12699000,LAPTOP LENOVO,img\produk\LENOVO IDEAPAD 5 14IRU9 83KX006BID COSMIC BLUE.avif,CORE I5-13420H  RAM 16GB  SSD 512GB  W11+OHS  14.0  WUXGA TOUCH 2 IN 1 PEN ,
P204,LENOVO IDEAPAD 5 83KT003JID COSMIC BLUE,13149000,LAPTOP LENOVO,img\produk\LENOVO IDEAPAD 5 83KT003JID COSMIC BLUE.png,RYZEN AI 5 340  RAM 16GB  SSD 512  2 IN 1  TOUCH  PEN  W11+OHS  14.0 WUXGA OLED,
P205,FLEX 5 14ABR8 82XX00HTID ABBYS BLUE,1039900,LAPTOP LENOVO,img\produk\FLEX 5 14ABR8 82XX00HTID ABBYS BLUE.avif,RYZEN 5-5625U  RAM 8GB  SSD 512GB  W11+OHS  14'.0 WUXGA IPS TOUCH SCREEN,
P206,FLEX 5 14ABR8 82XX00HUID ARTIC GREY,1039900,LAPTOP LENOVO,img\produk\FLEX 5 14ABR8 82XX00HTID ABBYS BLUE.avif,RYZEN 5-5625U  RAM 8GB  SSD 512GB  W11+OHS  14'.0 WUXGA IPS TOUCH SCREEN,
P207,LENOVO FLEX 5 82XX00HXID ARTIC GREY,10699000,LAPTOP LENOVO,img\produk\LENOVO FLEX 5 82XX00HXID ARTIC GREY.png,RYZEN 5-5625U  RAM 16GB  512SSD  WIN 11 14.0 WUXGA IPS  + OHS + M365 TOUCHSCREEN ( PEN ),
P208,LENOVO FLEX 5 82XX00HVID ABBYS BLUE,10699000,LAPTOP LENOVO,img\produk\LENOVO FLEX 5 82XX00HXID ARTIC GREY.png,RYZEN 5-5625U  RAM 16GB  512SSD  WIN 11 14.0 WUXGA IPS  + OHS + M365 TOUCHSCREEN ( PEN ),
P209,FLEX 5 14ABR8 82XX00HYID ABBYS BLUE,11699000,LAPTOP LENOVO,img\produk\LENOVO FLEX 5 82XX00HXID ARTIC GREY.png,RYZEN 7-5825U  RAM 16GB  SSD 512GB  W11+0HS2024  W11+OHS2024  14.0 WUXGA IPS TOUCHSCREEN 2 IN 1,
P210,FLEX 5 14ABR8 82XX00HWID ARTIC GREY,11699000,LAPTOP LENOVO,img\produk\LENOVO FLEX 5 82XX00HXID ARTIC GREY.png,RYZEN 7-5825U  RAM 16GB  SSD 512GB  W11+0HS2024  W11+OHS2024  14.0 WUXGA IPS TOUCHSCREEN 2 IN 1,
P211,LENOVO YOGA 7 14AHP9 -  83DK00ALID ARTIC GREY,16999000,LAPTOP LENOVO,img\produk\LENOVO YOGA 7 14AHP9 -  83DK00ALID ARTIC GREY.png,RYZEN 7-8840HS  RAM 16GB  SSD 1TB  14.0 WUXGA OLED ( URBAN SLEEVE CASE ),
P212,LENOVO YOGA 7 14AKP10 - 83JR003DID TIDAk TEAL,16499000,LAPTOP LENOVO,img\produk\LENOVO YOGA 7 14AKP10 - 83JR003DID TIDAk TEAL.png,RYZEN 5 AI-5340  RAM 16GB  SSD 1TB  W11+OHS+OHM2024  14.0 WUXGA OLED TOUCSCREEN 2 IN 1,
P213,LENOVO YOGA 7 14AKP10 83JR009UID TIDAL TEAL,18399000,LAPTOP LENOVO,img\produk\LENOVO YOGA 7 14AKP10 83JR009UID TIDAL TEAL.avif,"RYZEN AI 7  RAM 16GB  1TB SSD  2 IN 1 TOUCH + Sleeve+Stylus PEN  W11 + OHS  14"" WUXGA OLED",
P214,LENOVO YOGA 7 14ILL10 -  83JQ007DID SEASHELL,19999000,LAPTOP LENOVO,img\produk\LENOVO YOGA 7 14ILL10 -  83JQ007DID SEASHELL.webp,ULTRA  7-256V  RAM 16GB  SSD 1TB  BACKLIT KEYBOARD  W11 + OHS 2024  14.02.8K OLED 120HZ TOUCHSCREEN 2IN 1,
P215,LENOVO YOGA BOOK 9 83KJ0025ID TIDAK TEAL,35629000,LAPTOP LENOVO,img\produk\LENOVO YOGA BOOK 9 83KJ0025ID TIDAK TEAL.png,CORE U9 285H  RAM 32GB  SSD 1TB  W11+OHS  14.0 2.8K OLED TS,
P216,LENOVO LOQ 15IAX9E 83LK00EHID LUNA GREY,12799000,LAPTOP LENOVO,img\produk\LENOVO LOQ 15IAX9E 83LK00EHID LUNA GREY.png,"CORE I5 12450HX  RAM 16GB  512 SSD  RTX3050 6GB  W11+OHS + M365  15 6"" FHD   TIDAK DAPAT MOUSE BAWAAN",
P217,LENOVO LOQ 15IRX9 83DV01ASID LUNA GREY,14499000,LAPTOP LENOVO,img\produk\LENOVO LOQ 15IRX9 83DV01ASID LUNA GREY.png,CORE I5-13450HX  RAM 16GB  512 SSD  RTX3050  15.6 FHD 144Hz  WIN11 + OHS + FREE MOUSE M210,
P218,LENOVO LOQ 15IRX10 - 83JE0052ID LUNA GREY,16829000,LAPTOP LENOVO,img\produk\LENOVO LOQ 15IRX10 - 83JE0052ID LUNA GREY.avif,CORE I5-13450HX  RAM 12GB  SSD 512GB  RTX5050 8GB  W11+OHS2024  15.6'' FHD 144Hz 100% srgb,
P219,LENOVO LOQ 15IRX10 - 83JE00QCID LUNA GREY,18799000,LAPTOP LENOVO,img\produk\LENOVO LOQ 15IRX10 - 83JE00QCID LUNA GREY.avif,CORE I5-13450HX  RAM 16GB  512 SSD  RTX5050 8GB  15.6 FHD 144Hz  WIN11 + OHS,
P220,LENOVO LOQ 15IRX9 - 83DV01ARID LUNA GREY,17799000,LAPTOP LENOVO,img\produk\LENOVO LOQ 15IRX10 - 83JE00QCID LUNA GREY.avif,"CORE I7-13650HX  RAM16GB  SSD 512GB  RTX4050  15.6""   FHD 144Hz  WIN11 + OHS",
P221,LENOVO LOQ 83JE00KAID GREY,18499000,LAPTOP LENOVO,img\produk\LENOVO LOQ 83JE00KAID GREY.png,"CORE I7-13700HX  RAM 12GB  SSD 512GB  RTX5050 8GB DDR7  15 6""  FHD   W11 + OHS 2024 ( FREE MOUSE M210 )",
P222,LENOVO LOQ 15AHP10 - 83JG0073ID LUNA GREY,17499000,LAPTOP LENOVO,img\produk\LENOVO LOQ 15AHP10 - 83JG0073ID LUNA GREY.png,RYZEN 5 220  RAM 16GB  SSD 512GB  RTX5050  15.6 FHD 144Hz  WIN11 + OHS,
P223,LENOVO LOQ 15ARP10E 83S0001AID LUNA GREY,15499000,LAPTOP LENOVO,img\produk\LENOVO LOQ 15ARP10E 83S0001AID LUNA GREY.jpg,"RYZEN 7-7735HS  RAM 16GB  SSD 512GB  RTX3050  15.6""  144Hz  WIN11   TIDAK DAPAT MOUSE BAWAAN",
P224,LENOVO LOQ 15AHP10 83JG0074ID LUNA GREY,18799000,LAPTOP LENOVO,img\produk\LENOVO LOQ 15AHP10 83JG0074ID LUNA GREY.avif,RYZEN 7 250  RAM 16GB  SSD 512GB  RTX5050 DDR 7  15.6 FHD 144Hz  WIN11 + OHS  144Hz 100sRGB,
P225,LENOVO LEGION 5 15IRX10 - 83LY00E9ID BLACK,20779000,LAPTOP LENOVO,img\produk\LENOVO LEGION 5 15IRX10 - 83LY00E9ID BLACK.jpg,CORE i7-13650HX  RAM 16GB  512GB SSD  RTX 5050 8GB  W11 HOME   OHM 2024 + M365  15.3? WUXGA IPS,
P226,LENOVO LEGION 5 15IRX10 - 83LY00HKID BLACK,26299000,LAPTOP LENOVO,img\produk\LENOVO LEGION 5 15IRX10 - 83LY00HKID BLACK.avif,"CORE I7 14700HX  RAM 16GB  SSD 512GB  RTX5060  W11+OHS  15.1"" WQXGA OLED",
P227,LENOVO LEGION 5 15IRX10 83LY00HLID BLACK,24999000,LAPTOP LENOVO,img\produk\LENOVO LEGION 5 15IRX10 83LY00HLID BLACK.png,"CORE I7-14700HX  RAM 16GB  512 SSD  RTX5050 8GB  WIN11 15.1"" WQXGA OLED OHM+M365",
P228,LENOVO LEGION 5 15IRX10 83LY004RID BLACK,24999000,LAPTOP LENOVO,img\produk\LENOVO LEGION 5 15IRX10 83LY004RID BLACK.avif,"CORE I7-14700HX  DDR 24GB  SSD 512GB  RTX5050 8GB  W11+OHS+M365B  15.1"" WQXGA 165HZ 24RGB MOUSE GAMING RGB M300S",
P229,LEGION 5 15IAX10 83F00064ID BLACK,30399000,LAPTOP LENOVO,img\produk\LENOVO LEGION 5 15IRX10 83LY00HLID BLACK.png,ULTRA 7 255HX  RAM 32GB  512GB SSD  RTX 5070 8GB  W11 HOME  OHM2024 + M365  15.1? WQXGA OLED,
P230,LENOVO LEGION PRO 5 16IAX10 - 83F30035ID BLACK,28999000,LAPTOP LENOVO,img\produk\LENOVO LEGION 5 15IRX10 83LY00HLID BLACK.png,ULTRA 7 255HX  RAM 16GB  SSD 1TB  RTX5060 8GB  16.0 WQXGA OLED 165HZ  W11+OHS+M365B  MOUSE M300S RGB,
P231,LENOVO LEGION PRO 5 16IAX10H - 83LU001LID BLACK,39999000,LAPTOP LENOVO,img\produk\LENOVO LEGION 5 15IRX10 83LY00HLID BLACK.png,Ultra 9-275HX  RAM 32GB  1TB SSD  RTX5070 TI 12GB  WIN11 16? WQXGA + OHM + M365,
P232,LENOVO LEGION 7 16IAX10 - 83KY004EID WHITE,37199000,LAPTOP LENOVO,img\produk\LENOVO LEGION 7 16IAX10 - 83KY004EID WHITE.png,"ULTRA 9 275HX  RAM 32GB  1TB SSD  RTX5070 8GB  WIN11 16"" WQXGA OLED OHM+M365",
P233,LENOVO F0HN00Q6ID LUNA GREY,8499000,PC AIO LENOVO,img\produk\LENOVO F0HN00Q6ID LUNA GREY.webp,"CORE I3 1315U  RAM 8GB  SSD 512  W11  23 8""",
P234,LENOVO 27IRH9 F0HM00Q6ID LUNA GREY,11999000,PC AIO LENOVO,img\produk\LENOVO 27IRH9 F0HM00Q6ID LUNA GREY.png,"CORE I5-13420H  RAM 8GB  512GB SSD  27"" FHD  WIN11 + OHM 2024 + M365",
P235,SMARTLOCK EZVIZ DL05,1800000,SMARTLOCK EZVIZ,img\produk\DL05.webp,Miliki pintu masuk rumah yang aman dan praktis tanpa kunci,1720000
P236,INSTAL ULANG SISTEM (UNIT BISA DIJEMPUT),85000,SISTEM,img\produk\INSTALL ULANG.jfif,Intal ulang komputer/ laptop/ pc aio window & sistem lainmya ,
P237,CLEANING DEBU PC/LAPTOP & GANTI PASTA,100000,CLEANING DEBU PC/LAPTOP,img\produk\CLEANING DEBU.jfif,solusi pc/laptop anda tetap adem  kinerja lebih stabil  mengurangi resiko kerusakan hardware,
P238,RESET PRINTER EPSON/CANON/DLL,100000,RESET PRINTER,img\produk\RESET.png,Solusi printer error  lampu berkedip  tidak bisa cetak  error tinta,
p239,RUIJIE REYEE CEILING RG-RAP62,1600000,RUIJIE,img\produk\RUIJIE REYEE CEILING RG-RAP62.png,AP Mesh Serbaguna Indoor/Outdoor AX3000 untuk Vila dan Bisnis Ritel,
p240,RUIJIE REYEE RG-RAP1200F AC1300 ACCSES POINT,728000,RUIJIE,img\produk\RUIJIE REYEE RG-RAP1200F AC1300 ACCSES POINT.webp,Performa radio ganda  akses poin model dinding gigabit wireless,
p241,RUIJIE REYEE RG-RAP1200P,1378000,RUIJIE,img\produk\RUIJIE REYEE RG-RAP1200P.jpg,Performa radio ganda  akses poin model dinding gigabit penuh,
p242,RUIJIE REYEE RG-RAP1201,1180000,RUIJIE,img\produk\RUIJIE REYEE RG-RAP1201.png,Performa radio-ganda  AP wireless gigabit pemasangan dinding,
p243,RUIJIE REYEE RG-RAP2200E AC1300 DUAL BAND CEILING MOUNT ACCESS POINT,1185000,RUIJIE,img\produk\RUIJIE REYEE RG-RAP2200E AC1300 DUAL BAND CEILING MOUNT ACCESS POINT.png,Performa Radio-Ganda  hingga 1.267 Gbps.,
p244,RUIJIE REYE RG-RAP2200F AC1300 DUAL BAND CEILING MOUNT ACCESS POINT,918000,RUIJIE,img\produk\RUIJIE REYEE RG-RAP2200F AC1300 DUAL BAND CEILING MOUNT ACCESS POINT.png,Performa Radio-Ganda  hingga 1.267 Gbps.,
p245,RUIJIE REYEE RG-RAP2260 AX3000 WIFI6 CEILING MOUNT,1815000,RUIJIE,img\produk\RUIJIE REYEE RG-RAP2260 AX3000 WIFI6 CEILING MOUNT.png,Ultra-high performance Wi-Fi with 2.97 Gbps throughput.,
p246,RUIJIE REYEE RG-RAP2266 WIFI6 AX3000 INDOOR CEILING MOUTED,1860000,RUIJIE,img\produk\RUIJIE REYEE RG-RAP2266 WIFI6 AX3000 INDOOR CEILING MOUTED.png,Performa radio-ganda  AP model ceiling wireless gigabit,
p247,RUIJIE REYEE RG-RAP52OD,1336000,RUIJIE,img\produk\RUIJIE REYEE RG-RAP52OD.png,AP Mini Outdoor Wave 2 AC1300 untuk Vila dan Bisnis Ritel,
p248,RUIJIE REYEE FB-RAP6202G AC1300 ACCESS POINT OUTDOOR,2386000,RUIJIE,img\produk\RUIJIE REYEE FB-RAP6202G AC1300 ACCESS POINT OUTDOOR.png,Desain gaya UFO � perpaduan sempurna antara teknologi Wi-Fi 6 dan hasil seni,
p249,RUIJIE REYEE RG-RAP72 WIFI7 BE3600 CEILING MOUNT ACCESS POINT,2000000,RUIJIE,img\produk\RUIJIE REYEE RG-RAP72 WIFI7 BE3600 CEILING MOUNT ACCESS POINT.png,AI-powered Wi-Fi 7 ceiling-mount AP with dual-radio performance,
p250,RUIJIEE REYEE RG-RAP720L WIRELESS,1700000,RUIJIE,img\produk\RUIJIEE REYEE RG-RAP720L WIRELESS.png,Dual Radios  Combined Rate Up to 1.167 Gbps,
p251,RUIJIE REYEE CEILING RG-RAP2260E,2852000,RUIJIE,img\produk\RUIJIE REYEE CEILING RG-RAP2260E.jpg,,
p252,"RUIJIE REYEE RG-RAP6262G OUTDOOR AP, AX1800 DUAL BAND",2586000,RUIJIE,"img\produk\RUIJIE REYEE RG-RAP6262G OUTDOOR AP, AX1800 DUAL BAND.jpg",Desain gaya UFO � perpaduan sempurna antara teknologi Wi-Fi 6 dan hasil seni,
p253,RUIJIE REYEE RG-EG209GS 9PORT GIGABYTE SMART CLOUD MANAGED ROUTER WITH 1 SFP,1866000,RUIJIE,img\produk\RUIJIE REYEE RG-EG209GS 9PORT GIGABYTE SMART CLOUD MANAGED ROUTER WITH 1 SFP.png,Port SFP LAN/WAN bisa saling tukar untuk menambah koneksi fiber,
p254,RUIJIE REYEE RG-EW1200 AC1200 DUAL BAND WIRELESS ROUTER,468000,RUIJIE,img\produk\RUIJIE REYEE RG-EW1200 AC1200 DUAL BAND WIRELESS ROUTER.png,Mendukung 802.11ac wave2,
p255,RUIJIE REYEE RG-EW1200G PRO AC DUAL BAND GIGABYTE WIRELESS ROUTER,660000,RUIJIE,img\produk\RUIJIE REYEE RG-EW1200G PRO AC DUAL BAND GIGABYTE WIRELESS ROUTER.png,Mendukung hingga 64 koneksi perangkat secara bersamaan,
p256,RUIJIE REYEE RG-EW3000GX GAMING ROUTER WIFI 6,868000,RUIJIE,img\produk\RUIJIE REYEE RG-EW3000GX GAMING ROUTER WIFI 6.png,Reyee mesh eksklusif menyediakan solusi Wi-Fi cakupan menyeluruh,
p257,RUIJIE REYEE RG-EW3000GX PRO GAMING ROUTER WIFI 6,1286000,RUIJIE,img\produk\RUIJIE REYEE RG-EW3000GX PRO GAMING ROUTER WIFI 6.png,Mesin Game memberikan pengalaman bermain game yang tiada tanding,
p258,RUIJIE REYEE RG-EW300N ROUTER WIRELESS N300 WIFI 4,286000,RUIJIE,img\produk\RUIJIE REYEE RG-EW300N ROUTER WIRELESS N300 WIFI 4.png,Mendukung manajemen cloud gratis seumur hidup,
p259,TP LINK ROUTER TL-WR840N 300Mbps,195000,TP LINK,img\produk\WR400N.jpg,Jaringan Tamu menyediakan akses terpisah untuk tamu sekaligus menjaga keamanan jaringan rumah.,
p260,TARMOC HTB-3100 AB,155000,TARMOC,img\produk\HTB3100 TARMOC.jpeg,,
p261,ADAPTOR HTB TARMOC 2A,80000,TARMOC,img\produk\ADAPTOR HTB TARMOC.jpeg,,
p262,TOOLS CLEANING 6 IN 1,55000,TOOLS,img\produk\TOOLS CLEANING.jpeg,,
p263,BOR CATRIDGE MANUAL FOR PRINTER CANON/HP,45000,TOOLS,img\produk\BOR CATRIDGE.jfif,,
P264,OPPO A5i 4/128GB,1699000,OPPO,img\produk\OPPO A5i 4 128.png,Qualcomm Snapdragon 6s 4G Gen 1  baterai besar 5100mAh  dan pengisian daya cepat 45W SUPERVOOC�layar 6.67 inci HD+ 90Hz kamera belakang 8MP RAM 4GB penyimpanan 128GB  serta ketahanan bodi standar militer IP54.�,
P265,OPPO A5X 4/128GB,1899000,OPPO,img\produk\OPPO A5X.png,Qualcomm Snapdragon 6s 4G Gen 1 RAM 4GB  ROM 128GB   Utama 32 MP  Depan: 5 MP   Baterai: 6000 mAh  Fitur Lain: Side fingerprint  IP65 ,
P266,OPPO A6X 4/64GB,1599000,OPPO,img\produk\OPPO A6X.png,baterai jumbo 6.500 mAh  layar IPS 6.75 inci 120Hz  dan chipset Qualcomm Snapdragon 685 (6 nm). HP ini dilengkapi RAM 4GB/6GB  penyimpanan hingga 256GB  kamera 13MP  serta sertifikasi IP64.�,
P267,OPPO A6X 4/128GB,1799000,OPPO,img\produk\OPPO A6X.png,baterai jumbo 6.500 mAh  layar IPS 6.75 inci 120Hz  dan chipset Qualcomm Snapdragon 685 (6 nm). HP ini dilengkapi RAM 4GB/6GB  penyimpanan hingga 256GB  kamera 13MP  serta sertifikasi IP64.�,
P268,OPPO A6X 6/128GB,2399000,OPPO,img\produk\OPPO A6X.png,baterai jumbo 6.500 mAh  layar IPS 6.75 inci 120Hz  dan chipset Qualcomm Snapdragon 685 (6 nm). HP ini dilengkapi RAM 4GB/6GB  penyimpanan hingga 256GB  kamera 13MP  serta sertifikasi IP64.�,
P269,OPPO A6X 6/256GB,2699000,OPPO,img\produk\OPPO A6X.png,baterai jumbo 6.500 mAh  layar IPS 6.75 inci 120Hz  dan chipset Qualcomm Snapdragon 685 (6 nm). HP ini dilengkapi RAM 4GB/6GB  penyimpanan hingga 256GB  kamera 13MP  serta sertifikasi IP64.�,
P270,OPPO A6 6/128GB,2899000,OPPO,img\produk\OPPO A6.png,"chipset Snapdragon 685  layar 6.75"" HD+ 90Hz  RAM 6GB  penyimpanan 128/256GB  kamera utama 50MP  baterai 7000mAh dengan SuperVOOC 45W  dan sertifikasi IP69 tahan air/debu  menjalankan ColorOS 15 berbasis Android 15",
P271,OPPO A6 6/256GB,3299000,OPPO,img\produk\OPPO A6.png,"chipset Snapdragon 685  layar 6.75"" HD+ 90Hz  RAM 6GB  penyimpanan 128/256GB  kamera utama 50MP  baterai 7000mAh dengan SuperVOOC 45W  dan sertifikasi IP69 tahan air/debu  menjalankan ColorOS 15 berbasis Android 15",
P272,OPPO A6 PRO 4G 8/128GB,3799000,OPPO,img\produk\OPPO A6 PRO.png,chipset MediaTek Dimensity 6300 ayar AMOLED 120Hz  RAM 8GB  penyimpanan 256GB  sertifikasi ketahanan air/debu IP69  serta kamera utama 50MP  baterai super besar 7.000 mAh dengan pengisian cepat 80W SUPERVOOC,
P273,OPPO A6 PRO 4G 8/256GB,4199000,OPPO,img\produk\OPPO A6 PRO.png,chipset MediaTek Dimensity 6300 ayar AMOLED 120Hz  RAM 8GB  penyimpanan 256GB  sertifikasi ketahanan air/debu IP69  serta kamera utama 50MP  baterai super besar 7.000 mAh dengan pengisian cepat 80W SUPERVOOC,
P274,OPPO A6 PRO 5G 8/256GB,4399000,OPPO,img\produk\OPPO A6PRO.png,chipset MediaTek Dimensity 6300 ayar AMOLED 120Hz  RAM 8GB  penyimpanan 256GB  sertifikasi ketahanan air/debu IP69  serta kamera utama 50MP  baterai super besar 7.000 mAh dengan pengisian cepat 80W SUPERVOOC,
P275,OPPO RENO 13F 5G 12/256GB,5899000,OPPO,img\produk\OPPO RENO 13F 5G.png,layar AMOLED 6.67 inci 120Hz  chipset Snapdragon 6 Gen 1  RAM 12GB Penyimpanan 256GB dan baterai besar 5800mAh (45W VOOC) kamera belakang 50MP OIS  kamera depan 32MP,
P276,OPPO RENO 15F 8/128GB,5399000,OPPO,img\produk\OPPO RENO15 F.png,baterai ekstra besar 7.000 mAh chipset�Snapdragon 6 Gen 1�dengan layar AMOLED 6.67 inci 120Hz pengisian daya 80W SuperVOOC kamera utama 50MP dan kamera depan 50MP.�,
P277,OPPO RENO 15F 8/256GB,5899000,OPPO,img\produk\OPPO RENO15 F.png,baterai ekstra besar 7.000 mAh chipset�Snapdragon 6 Gen 1�dengan layar AMOLED 6.67 inci 120Hz pengisian daya 80W SuperVOOC kamera utama 50MP dan kamera depan 50MP.�,
P278,OPPO RENO 15F 12/256GB,6399000,OPPO,img\produk\OPPO RENO15 F.png,baterai ekstra besar 7.000 mAh chipset�Snapdragon 6 Gen 1�dengan layar AMOLED 6.67 inci 120Hz pengisian daya 80W SuperVOOC kamera utama 50MP dan kamera depan 50MP.�,
P279,OPPO RENO 15 8/256GB,7499000,OPPO,img\produk\OPPO RENO 15.png,layar AMOLED 6.59 inci 120Hz  chipset�Snapdragon 7 Gen 4�atau Dimensity 8450  kamera utama 50MP/200MP dengan OIS  kamera selfie 50MP  baterai jumbo 6.500 mAh  dan�80W SuperVOOC  menjalankan Android 16.�,
P280,OPPO RENO 15 12/256GB,8199000,OPPO,img\produk\OPPO RENO 15.png,layar AMOLED 6.59 inci 120Hz  chipset�Snapdragon 7 Gen 4�atau Dimensity 8450  kamera utama 50MP/200MP dengan OIS  kamera selfie 50MP  baterai jumbo 6.500 mAh  dan�80W SuperVOOC  menjalankan Android 16.�,
P281,OPPO RENO 15 PROMAX 12/512GB,12799000,OPPO,img\produk\OPPO RENO 15 PROMAX.png,MediaTek Dimensity 8450 6500mAh  12GB + 512GB 6 78 inci 120HZ 50MP,
P282,VIVO Y04S 4/64GB,1549000,VIVO,img\produk\VIVO Y04S.png,baterai raksasa 6000mAh  layar 6.74 inci 90Hz  dan sertifikasi tahan air/debu IP64. Ditenagai chipset Unisoc T612/T7225  RAM dan Penyimpanan disesuaikan perangkat ini berjalan pada Funtouch OS 14 berbasis Android 14 dengan kamera utama 13MP,
P283,VIVO Y04S 4/128GB,1720000,VIVO,img\produk\VIVO Y04S.png,baterai raksasa 6000mAh  layar 6.74 inci 90Hz  dan sertifikasi tahan air/debu IP64. Ditenagai chipset Unisoc T612/T7225  RAM dan Penyimpanan disesuaikan perangkat ini berjalan pada Funtouch OS 14 berbasis Android 14 dengan kamera utama 13MP,
P284,VIVO Y19S PRO 4/64GB,1599000,VIVO,img\produk\VIVO Y19S.webp,chipset Unisoc Tiger T612  layar 6.68 inci 90Hz  serta kamera utama 50MP baterai raksasa 6000 mAh,
P285,VIVO Y19S PRO 4/128GB,1799000,VIVO,img\produk\VIVO Y19S.webp,chipset Unisoc Tiger T612  layar 6.68 inci 90Hz  serta kamera utama 50MP baterai raksasa 6000 mAh,
P286,VIVO Y19S PRO 6/128GB,1999000,VIVO,img\produk\VIVO Y19S.webp,chipset Unisoc Tiger T612  layar 6.68 inci 90Hz  serta kamera utama 50MP baterai raksasa 6000 mAh,
P287,VIVO Y21D 4/128GB,2399000,VIVO,img\produk\VIVO Y21D.webp,chipset Unisoc T7225  RAM hingga 8GB  layar 6.68 inci 90Hz  dan kamera 50MP baterai jumbo 6500 mAh,
P288,VIVO Y21D 6/128GB,2799000,VIVO,img\produk\VIVO Y21D.webp,chipset Unisoc T7225  RAM hingga 8GB  layar 6.68 inci 90Hz  dan kamera 50MP baterai jumbo 6500 mAh,
P289,VIVO Y21D 6/256GB,3199000,VIVO,img\produk\VIVO Y21D.webp,chipset Unisoc T7225  RAM hingga 8GB  layar 6.68 inci 90Hz  dan kamera 50MP baterai jumbo 6500 mAh,
P290,VIVO Y21D 8/128GB,2999000,VIVO,img\produk\VIVO Y21D.webp,chipset Unisoc T7225  RAM hingga 8GB  layar 6.68 inci 90Hz  dan kamera 50MP baterai jumbo 6500 mAh,
P291,VIVO Y29 6/128GB,2399000,VIVO,img\produk\VIVO Y29.png,baterai besar 6500mAh  pengisian cepat 44W  dan chipset Snapdragon 685. Layarnya 6.68 inci HD+ 120Hz  kamera utama 50MP  RAM hingga 8GB  dan penyimpanan 256GB,
P292,VIVO Y29 8/128GB,2599000,VIVO,img\produk\VIVO Y29.png,baterai besar 6500mAh  pengisian cepat 44W  dan chipset Snapdragon 685. Layarnya 6.68 inci HD+ 120Hz  kamera utama 50MP  RAM hingga 8GB  dan penyimpanan 256GB,
P293,VIVO Y29 8/256GB,2899000,VIVO,img\produk\VIVO Y29.png,baterai besar 6500mAh  pengisian cepat 44W  dan chipset Snapdragon 685. Layarnya 6.68 inci HD+ 120Hz  kamera utama 50MP  RAM hingga 8GB  dan penyimpanan 256GB,
P294,VIVO V60 LITE 4G 8/256GB,3899000,VIVO,img\produk\VIVO V60 LITE 4G.webp,layar AMOLED 6.77 inci 120Hz  chipset Snapdragon 685  RAM 8GB (bisa diperluas)  penyimpanan 128/256GB  baterai 6500mAh + 90W FlashCharge  kamera utama 50MP,
P295,VIVO V60 LITE 5G 8/256GB,4899000,VIVO,img\produk\VIVO V60 LITE 4G.webp,MediaTek Dimensity 7360-Turbo  layar AMOLED 120Hz  500mAh  90W fast charge  kamera utama 50MP sensor Sony,
P296,VIVO V60 LITE 5G 12/512GB,5899000,VIVO,img\produk\VIVO V60 LITE 4G.webp,MediaTek Dimensity 7360-Turbo  layar AMOLED 120Hz  500mAh  90W fast charge  kamera utama 50MP sensor Sony,
P297,VIVO V60 8/256GB,6899000,VIVO,img\produk\VIVO V60.webp,kamera 50MP ZEISS  baterai 6500 mAh BlueVolt yang tahan lama  serta chipset Snapdragon 7 Gen 4,
P298,VIVO V60 12/256GB,7399000,VIVO,img\produk\VIVO V60.webp,kamera 50MP ZEISS  baterai 6500 mAh BlueVolt yang tahan lama  serta chipset Snapdragon 7 Gen 4,
P299,VIVO V60 12/512GB,8299000,VIVO,img\produk\VIVO V60.webp,kamera 50MP ZEISS  baterai 6500 mAh BlueVolt yang tahan lama  serta chipset Snapdragon 7 Gen 4,
P300,VIVO XFOLD5 15/512GB,24799000,VIVO,img\produk\VIVO XFOLD.webp,chipset Snapdragon 8 Gen 3  baterai 6000mAh  dan kamera Zeiss 50MP,
P301,REDMI A5 4/128GB,1399000,SMARTPHONE XIAOMI,img\produk\REDMI A5.webp,Prosesor UNISOC T7250  4 GB + 128 GB  Layar besar 6.88  Kamera utama 32 MP Baterai 5.200 mAh,
P302,REDMI 15C 6/128GB,1749000,SMARTPHONE XIAOMI,img\produk\REDMI 15C.webp,Prosesor MediaTek Helio G81-Ultra  6 GB + 128 GB  Layar Dot Drop 6.9  Kamera utama 50 MP  6.000 mAh,
P303,REDMI 15C 8/256GB,1949000,SMARTPHONE XIAOMI,img\produk\REDMI 15C.webp,Prosesor MediaTek Helio G81-Ultra  8 GB + 256 GB  Layar Dot Drop 6.9  Kamera utama 50 MP  6.000 mAh,
P304,REDMI 15 8/128GB,2099000,SMARTPHONE XIAOMI,img\produk\REDMI 15.webp,Snapdragon 685  layar 6.9 144Hz  baterai besar 7.000 mAh dengan pengisian daya 33W  serta kamera utama 50M,
P305,REDMI 15 8/256GB,2299000,SMARTPHONE XIAOMI,img\produk\REDMI 15.webp,Snapdragon 685  layar 6.9 144Hz  baterai besar 7.000 mAh dengan pengisian daya 33W  serta kamera utama 50M,
P306,REDMI NOTE 14 8/128GB,2399000,SMARTPHONE XIAOMI,img\produk\REDMI NOTE 14.webp,Helio G99-Ultra  8 GB+128 GB 8 GB+256 GB  Layar AMOLED 6.67  Kamera utama 108 MP  Baterai 5.500 mAh,
P307,REDMI NOTE 14 8/256GB,2599000,SMARTPHONE XIAOMI,img\produk\REDMI NOTE 14.webp,Helio G99-Ultra  8 GB+128 GB 8 GB+256 GB  Layar AMOLED 6.67  Kamera utama 108 MP  Baterai 5.500 mAh,
P308,REDMI NOTE 14 5G 8/256GB,3199000,SMARTPHONE XIAOMI,img\produk\REDMI NOTE 14 5G.webp,Dimensity 7025-Ultra  8GB+256GB 12GB+512GB  Layar AMOLED 6.67  Kamera utama 108 MP  Baterai 5.110 mAh ,
P309,REDMI NOTE 14 5G 12/512GB,3699000,SMARTPHONE XIAOMI,img\produk\REDMI NOTE 14 5G.webp,Dimensity 7025-Ultra  8GB+256GB 12GB+512GB  Layar AMOLED 6.67  Kamera utama 108 MP  Baterai 5.110 mAh ,3659000
P310,REDMI NOTE 14 PRO 5G 8/256GB,3999000,SMARTPHONE XIAOMI,img\produk\REDMI NOTE 14PRO 5G.webp,MediaTek Dimensity 7300-Ultra  8+256 GB 12+512 GB  Layar CrystalRes AMOLED 6.67  Kamera utama 200 MP  5.110 mAh,
P311,REDMI NOTE 14 PRO 5G 12/512GB,4599000,SMARTPHONE XIAOMI,img\produk\REDMI NOTE 14PRO 5G.webp,MediaTek Dimensity 7300-Ultra  8+256 GB 12+512 GB  Layar CrystalRes AMOLED 6.67  Kamera utama 200 MP  5.110 mAh,
P312,REDMI NOTE 14 PRO+ 5G 8/256GB,5099000,SMARTPHONE XIAOMI,img\produk\REDMI NOTE14 PRO+ 5G.webp,Snapdragon� 7s Gen 3  8+256 GB  12+512 GB  Layar CrystalRes AMOLED 6.67  Kamera utama 200 MP  5.110 mAh ,4999000
P313,REDMI NOTE 14 PRO+ 5G 12/512GB,5599000,SMARTPHONE XIAOMI,img\produk\REDMI NOTE14 PRO+ 5G.webp,Snapdragon� 7s Gen 3  8+256 GB  12+512 GB  Layar CrystalRes AMOLED 6.67  Kamera utama 200 MP  5.110 mAh ,5499000
P314,REDMI NOTE 15 8/128GB,2799000,SMARTPHONE XIAOMI,img\produk\REDMI NOTE 15.webp,MediaTek Helio G100-Ultra  8GB+128GB  8GB+256GB  Layar AMOLED 6.77  Kamera utama 108MP  Baterai 6000mAh,
P315,REDMI NOTE 15 8/256GB,2999000,SMARTPHONE XIAOMI,img\produk\REDMI NOTE 15.webp,MediaTek Helio G100-Ultra  8GB+128GB  8GB+256GB  Layar AMOLED 6.77  Kamera utama 108MP  Baterai 6000mAh,
P316,REDMI NOTE 15 5G 8/256GB,3699000,SMARTPHONE XIAOMI,img\produk\REDMI NOTE 15 5G.webp,Snapdragon� 6 Gen 3  8GB + 256GB  12GB + 512GB  Layar AMOLED 6.77   108 MP kamera utama  Baterai 5520 mAh,
P317,REDMI NOTE 15 5G 8/512GB,4499000,SMARTPHONE XIAOMI,img\produk\REDMI NOTE 15 5G.webp,Snapdragon� 6 Gen 3  8GB + 256GB  12GB + 512GB  Layar AMOLED 6.77   108 MP kamera utama  Baterai 5520 mAh,
P318,REDMI NOTE 15 PRO 5G 8/256GB,4599000,SMARTPHONE XIAOMI,img\produk\REDMI NOTE 15 PRO 5G.webp,MediaTek Dimensity 7400-Ultra  8GB+256GB  12GB+512GB  Layar AMOLED 6.83  Kamera utama 200 MP  Baterai 6580 mAh,
P319,REDMI NOTE 15 PRO 5G 8/512GB,5499000,SMARTPHONE XIAOMI,img\produk\REDMI NOTE 15 PRO 5G.webp,MediaTek Dimensity 7400-Ultra  8GB+256GB  12GB+512GB  Layar AMOLED 6.83  Kamera utama 200 MP  Baterai 6580 mAh,
P320,REDMI NOTE 15 PRO+ 5G 8/256GB,5799000,SMARTPHONE XIAOMI,img\produk\REDMI NOTE 15 PRO+ 5G.webp,Snapdragon� 7s Gen 4  6.83 CrystalRes AMOLED  Kamera utama 200 MP  Baterai 6500 mAh,
P321,REDMI NOTE 15 PRO+ 5G 12/512GB,6599000,SMARTPHONE XIAOMI,img\produk\REDMI NOTE 15 PRO+ 5G.webp,Snapdragon� 7s Gen 4  6.83 CrystalRes AMOLED  Kamera utama 200 MP  Baterai 6500 mAh,
P322,XIAOMI 15T 12/512GB,7999000,SMARTPHONE XIAOMI,img\produk\XIAOMI 15T.webp,MediaTek Dimensity 8400-Ultra  6.83 120Hz eye-care display  Xiaomi Surge Battery 5.500 mAh,7899000
P323,XIAOMI 15T PRO 12/512GB,10299000,SMARTPHONE XIAOMI,img\produk\XIAOMI 15T.webp,MediaTek Dimensity 9400+ 6.83 144Hz eye-care display  Xiaomi Surge Battery 5.500 mAh,
P324,REDMI PAD SE 8.7,1799000,SMARTPHONE XIAOMI,img\produk\REDMI PAD SE 8.7.webp,Helio G85 5MP+8MP  8.7 IPS LCD FHD 90HZ  6650 Mah 18W,
P325,REDMI PAD 2,2299000,SMARTPHONE XIAOMI,img\produk\redmi pad 2.webp,Helio G100 ultra 5MP+8MP 11.0 IPS 90HZ  9000Mah 18W,
P326,REDMI PAD 2,2899000,SMARTPHONE XIAOMI,img\produk\redmi pad 2.webp,Helio G100 ultra 5MP+8MP 11.0 IPS 90HZ  9000Mah 18W,
P327,REDMI PAD 2 PRO,4499000,SMARTPHONE XIAOMI,img\produk\redmipad 2 pro.webp,Snapdragon 7s Gen2 8+8  12.1 IPS 2.5K 120HZ   10000Mah 33W,
P328,XIAOMI PAD 7,5499000,SMARTPHONE XIAOMI,img\produk\xiaomipad 7.webp,Snapdragon 7s+ Gen3 8+13w/4k  11.2 IPS LCD 2K 144HZ   8850Mah   45W,
P329,XIAOMI PAD 7 PRO,7499000,SMARTPHONE XIAOMI,img\produk\xiaomipad 7 pro.webp,Snapdragon 8s  Gen3   32+50w+2d/4k    11.2 IPS LCD 2K 144HZ   8850 Mah   67W,
P330,XIAOMI SMART TV 32 A PRO 2025,1999000,XIAOMI SMART TV,img\produk\XIAMI SMART TV 32A.jpg,,
P331,XIAOMI SMART TV 32 A PRO 2026,2199000,XIAOMI SMART TV,img\produk\32A 2026.webp,,
P332,XIAOMI SMART TV 43 FHD A 2025,2899000,XIAOMI SMART TV,img\produk\XIAOMI SMART TV 43 FHD A 2025.webp,,
P333,XIAOMI SMART TV 43A PRO 2026 QLED,3549000,XIAOMI SMART TV,img\produk\XIAOMI SMART TV 43A PRO 2026 QLED.webp,,
P334,XIAOMI SMART TV 55A PRO 2026 QLED,5449000,XIAOMI SMART TV,img\produk\XIAOMI SMART TV 43A PRO 2026 QLED.webp,,
P335,XIAOMI SMART TV 65A PRO 2026 QLED,7449000,XIAOMI SMART TV,img\produk\XIAOMI SMART TV 43A PRO 2026 QLED.webp,,
P336,XIAOMI SMART TV 100MAX QLED,29798000,XIAOMI SMART TV,img\produk\XIAOMI SMART TV 100MAX QLED.webp,,
P337,HUAWEI MATEPAD SE 6/128GB,2699000,HUAWEI,img\produk\HUAWEI MATEPAD SE.png,,
P338,HUAWEI MATEPAD 11.5  6/128,4299000,HUAWEI,img\produk\HUAWEI MATEPAD 11.5 6 128GB.png,,
P339,TECNO SPARK 40 6/128GB,2099000,TECNO,img\produk\TECNO SPARK 40.webp,,
P340,TECNO SPARK 40 8/256GB,2299000,TECNO,img\produk\TECNO SPARK 40.webp,,
P341,TECNO SPARK 40 PRO+ 8/128GB,2749000,TECNO,img\produk\TECNO SPARK 40 PRO+.webp,,
P342,TECNO SPARK 40 PRO+ 8/256GB,2949000,TECNO,img\produk\TECNO SPARK 40 PRO+.webp,,
P343,TECNO CAMON 40 8/128GB,2899000,TECNO,img\produk\CAMON 40.webp,,
P344,TECNO CAMON 40 8/256GB,3139000,TECNO,img\produk\CAMON 40.webp,,
P345,TECNO CAMON 40 PRO 5G 8/256GB,4199000,TECNO,img\produk\TECNO CAMON 40 PRO 5G.webp,,
P346,TECNO CAMON 40 PRO 5G 12/256GB,4299000,TECNO,img\produk\TECNO CAMON 40 PRO 5G.webp,,
P347,TECNO POVA7 4G 8/128GB,2499000,TECNO,img\produk\TECNO POVA7 4G.webp,,
P348,TECNO POVA7 4G 8/256GB,2699000,TECNO,img\produk\TECNO POVA7 4G.webp,,
P349,TECNO POVA7 5G 8/128GB,3059000,TECNO,img\produk\TECNO POVA7 5G.webp,,
P350,TECNO POVA7 5G 8/256GB,3259000,TECNO,img\produk\TECNO POVA7 5G.webp,,
P351,TECNO POVA7 CURVE 5G 8/256GB,3179000,TECNO,img\produk\TECNO POVA7 CURVE 5G.webp,,
P352,TECNO POVA7 ULTRA 5G 12/256GB,5299000,TECNO,img\produk\TECNO POVA7 ULTRA 5G.webp,,
P353,TECNO MEGAPAD 11 8/128GB,2779000,TECNO,img\produk\TECNO MEGAPAD 11.webp,,
P354,TECNO MEGAPAD 11 8/256GB,2969000,TECNO,img\produk\TECNO MEGAPAD 11.webp,,
P355,INFINIX SMART10 4/64GB,1209000,INFINIX,img\produk\INFINIX SMART 10.webp,,
P356,INFINIX SMART10 4/128GB,1309000,INFINIX,img\produk\SMART 10 1.webp,,
P357,INFINIX HOT 60i 8/256GB,1999000,INFINIX,img\produk\HOT 6I.webp,,
P358,INFINIX HOT 60 PRO 8/256GB,2429000,INFINIX,img\produk\HOT 60 PRO +.webp,,
P359,INFINIX HOT 60 PRO+ 8/128GB,2649000,INFINIX,img\produk\HOT 60 PRO +.webp,,
P360,INFINIX HOT 60 PRO+ 8/256GB,2849000,INFINIX,img\produk\HOT 60 PRO +.webp,,
P361,INFINIX NOTE 50 8/256GB,2779000,INFINIX,img\produk\NOTE 50 INFINIX.webp,,
P362,INFINIX NOTE 50 PRO 4G 8/256GB,3979000,INFINIX,img\produk\NOTE 50 PRO.webp,,
P363,INFINIX GT 30 8/256GB,3429000,INFINIX,img\produk\GT30.webp,,
P364,INFINIX GT 30 PRO 8/256GB,4099000,INFINIX,img\produk\GT30 PRO.webp,,
P365,INFINIX TAB XPAD20 LTE 8/256GB,2649000,INFINIX,img\produk\LTE.webp,,
P366,INFINIX TAB XPAD20 PRO 8/256GB,3399000,INFINIX,img\produk\XPAD PRO.webp,,
P367,SAMSUNG A07 4/128GB,1699000,SAMSUNG,img\produk\A07.avif,,
P368,SAMSUNG A07 6/128GB,1999000,SAMSUNG,img\produk\A07.avif,,
P369,SAMSUNG A07 8/256GB,2299000,SAMSUNG,img\produk\A07 256GB HIJAU.avif,,
P370,SAMSUNG A17 128GB,2999000,SAMSUNG,img\produk\A17.avif,,
P371,SAMSUNG A17 256GB,3399000,SAMSUNG,img\produk\A17.avif,,
P372,SAMSUNG A17 5G 8/256GB,3699000,SAMSUNG,img\produk\A17 5G.avif,,
P373,SAMSUNG A26 5G 8/256GB,4199000,SAMSUNG,img\produk\A26.avif,,
P374,SAMSUNG A36 5G 8/256GB,4999000,SAMSUNG,img\produk\A36.avif,,
P375,SAMSUNG A56 5G 8/256GB,5899000,SAMSUNG,img\produk\A56.avif,,
P376,SAMSUNG A56 5G 12/256GB,6399000,SAMSUNG,img\produk\A56.avif,,
P377,SAMSUNG S25FE 256GB,9899000,SAMSUNG,img\produk\S25FE.avif,,
P378,SAMSUNG S25FE 512GB,10899000,SAMSUNG,img\produk\S25FE.avif,,
P379,SAMSUNG S25 256GB,13799000,SAMSUNG,img\produk\S25.jpg,,
P380,SAMSUNG S25 512GB,15799000,SAMSUNG,img\produk\S25.jpg,,
P381,SAMSUNG S25 ULTRA 256GB,20699000,SAMSUNG,img\produk\S25ULTRA.jpg,,
P382,SAMSUNG S25 ULTRA 512GB,22699000,SAMSUNG,img\produk\S25ULTRA.jpg,,
P383,SAMSUNG ZFLIP7 256GB,17699000,SAMSUNG,img\produk\ZFLIP7.png,,
P384,SAMSUNG ZFOLD7 256GB,27999000,SAMSUNG,img\produk\ZFOLD.png,,
P385,SAMSUNG ZFOLD7 512GB,29999000,SAMSUNG,img\produk\ZFOLD.png,,
P386,SAMSUNG TAB A11 WIFI 4/64GB,1999000,SAMSUNG,img\produk\TAB A11.webp,,
P387,SAMSUNG TAB A11 LTE 4/64GB,2499000,SAMSUNG,img\produk\TAB A11.webp,,
P388,SAMSUNG TAB A11 + WIFI 6/128GB BUNDLING BOOKCOVER,2999000,SAMSUNG,img\produk\TAB A11 1.webp,,
P389,SAMSUNG TAB A11 5G 6/128GB BUNDLING BOOKCOVER,3999000,SAMSUNG,img\produk\TAB A11 1.webp,,
P390,SAMSUNG TAB S10 LITE WIFI 6/128GB,5399000,SAMSUNG,img\produk\S10 TAB.avif,,
P391,SAMSUNG WATCH FE,3199000,SAMSUNG,img\produk\WATCH FE.avif,,
P392,SAMSUNG BUDS CORE,799000,SAMSUNG,img\produk\BUDS CORE.avif,,
P393,SAMSUNG GALAXY FIT3,899000,SAMSUNG,img\produk\FIT 3.avif,,
P394,ADAPTOR ORI 25W TANPA KABEL,349000,SAMSUNG,img\produk\ADAPTOR ORI 25W TANPA KABEL.avif,,
P395,ADAPTOR ORI 45W INCLUDE CABLE,549000,SAMSUNG,img\produk\ADAPTOR ORI 45W INCLUDE CABLE.avif,,
P396,ADAPTOR ORI 45W TANPA KABEL,449000,SAMSUNG,img\produk\ADAPTOR ORI 45W INCLUDE CABLE.avif,,
P397,REALME NOTE60X 4/64GB,1299000,REALME,img\produk\NOTE60X.jpg,,
P398,REALME NOTE 70 4/64GB,1499000,REALME,img\produk\REALME NOTE70.png,,
P399,REALME NOTE 70 4/128GB,1599000,REALME,img\produk\REALME NOTE70.png,,
P400,REALME C71 4/128GB,1899000,REALME,img\produk\REALMEC71.jpg,,
P401,REALME C71 6/128GB,2099000,REALME,img\produk\REALMEC71.jpg,,
P402,REALME C71 8/128GB,2299000,REALME,img\produk\REALMEC71.jpg,,
P403,REALME C85 6/128GB,2599000,REALME,img\produk\REALME C85.jpg,,
P404,REALME C85 8/128GB,2799000,REALME,img\produk\REALME C85.jpg,,
P405,REALME C85 8/256GB,2999000,REALME,img\produk\REALME C85.jpg,,
P406,REALME C85 PRO 8/128GB,2999000,REALME,img\produk\REALME C85 PRO.jpg,,
P407,REALME C85 PRO 8/256GB,3299000,REALME,img\produk\REALME C85 PRO.jpg,,
P408,REALME R15T 8/128GB,3499000,REALME,img\produk\REALME R15T.jpg,,
P409,REALME R15T 8/256GB,3799000,REALME,img\produk\REALME R15T.jpg,,
P410,REALME R15 5G 8/256GB,4699000,REALME,img\produk\REALME R15 5G.png,,
P411,REALME R15 5G 12/256GB,4999000,REALME,img\produk\REALME R15 5G.png,,
P412,REALME R15 PRO 5G 12/256GB,6599000,REALME,img\produk\REALME R15 PRO 5G.png,,
P413,REALME R15 PRO 5G 12/512GB,6999000,REALME,img\produk\REALME R15 PRO 5G.png,,
P414,REALME GT 7T,6499000,REALME,img\produk\REALME GT 7T.png,,
P415,REALME GT7 ,7999000,REALME,img\produk\REALME GT7.png,,
P416,SONY PLAYSTATION PS5 SLIM DISC VERSION,9999000,SONY PLAYSTATION,img\produk\PLAY.webp,,
P417,SONY PLAYSTATION PS5 SLIM +NBA2K26,10399000,SONY PLAYSTATION,img\produk\BUNDLE BUNDLE.webp,,
P418,SONY PLAYSTATION PS5 SLIM DIGITAL VERSION,8199000,SONY PLAYSTATION,img\produk\DIGITAL VERSION.webp,,
P419,SONY PLAYSTATION STIK PS5,1499000,SONY PLAYSTATION,img\produk\STIK.webp,,
P420,IPOS 5 STANDAR VERSI SERIAL,550000,IPOS,img\produk\IPOS STANDAR.jpeg,"VERSI SERIAL HANYA BERLAKU 2X
JIKA PC SERVER RUSAK SETELAH INSTAL 2X MAKA PERLU BELI SERIAL ULANG DENGAN HARGA 550.000",
P421,IPOS 5 PROFESIONAL VERSI SERIAL,850000,IPOS,img\produk\IPOS 5 PRO SERIAL.jpeg,"VERSI SERIAL HANYA BERLAKU 2X
 JIKA PC SERVER RUSAK SETELAH INSTAL 2X MAKA PERLU BELI SERIAL ULANG DENGAN HARGA 850.000",
P422,IPOS 5 PROFESIONAL VERSI DONGLE,2800000,IPOS,img\produk\IPOS PRO DONGLE.jpeg,VERSI DONGLE SEMASA MASIH BERLAKU GARANSI 1 TAHUN RUSAK AKAN DIGANTI YANG BARU  JIKA LEWAT MAKA BELI ULANG DENGAN HARGA BARU,
P423,IPOS 5 ULTIMATE VERSI DONGLE,3350000,IPOS,img\produk\IPOS 5 ULTIMATE.jpeg,VERSI DONGLE SEMASA MASIH BERLAKU GARANSI 1 TAHUN RUSAK AKAN DIGANTI YANG BARU  JIKA LEWAT MAKA BELI ULANG DENGAN HARGA BARU,
P424,IPOS APOTIK & KLINIK,600000,IPOS,img\produk\APOTIK KLINIK.jpeg,,
P425,PERPANJANG UPDATE  IPOS 5 STANDARD (OPSIONAL),300000,IPOS,img\produk\PERPANJANG.jpeg,OPSIONAL JIKA PERLU UPDATE FITUR TERBARU SETELAH 1 TAHUN,
P426,PERPANJANG UPDATE  IPOS 5 PROFESIONAL (OPSIONAL),450000,IPOS,img\produk\PERPANJANG.jpeg,OPSIONAL JIKA PERLU UPDATE FITUR TERBARU SETELAH 1 TAHUN,
P427,PERPANJANG UPDATE  IPOS 5 PROFESIONAL DONGLE (OPSIONAL),900000,IPOS,img\produk\PERPANJANG.jpeg,OPSIONAL JIKA PERLU UPDATE FITUR TERBARU SETELAH 1 TAHUN,
P428,PERPANJANG UPDATE  IPOS 5 ULTIMATE (OPSIONAL),1000000,IPOS,img\produk\PERPANJANG.jpeg,OPSIONAL JIKA PERLU UPDATE FITUR TERBARU SETELAH 1 TAHUN,
P429,CANON PIXMA E 470,930000,CANON,img\produk\CANON PIXMA E470.png,PRINT/SCAN/COPY A4,
P430,CANON G1730 HANYA PRINT ONLY,1639000,CANON,img\produk\CANON G1730.png,PRINT ,
P431,CANON G4770,3859000,CANON,img\produk\CANON G4770.webp,PRINT/SCAN/COPY/WIFI/ADF/FAX,
P432,EPSON L121 HANYA PRINT ONLY,1629000,EPSON,img\produk\EPSON L121.jfif,PRINT,
P433,EPSON L1210 HANYA PRINT ONLY,2279000,EPSON,img\produk\EPSON L1210.jfif,PRINT,
P434,EPSON L3211,2279000,EPSON,img\produk\EPSON L3211.jfif,PRINT/SCAN/COPY/ A4,
P435,EPSON L3250 WIFI,2799000,EPSON,img\produk\EPSON L3250.jpg,PRINT/SCAN/COPY/WIFI A4,
P436,EPSON L5290,4059000,EPSON,img\produk\EPSON L5290.jpg,PRINT/SCAN/COPY/WIFI A4,
P437,EPSON L6270,5069000,EPSON,img\produk\EPSON L6270.jpg,PRINT/SCAN/COPY/WIFI F4,
P438,PSU JARING 10A,126000,POWER SUPPLY CCTV,img\produk\PSU CCTV.jpg,,
P439,PSU JARING 20A,216000,POWER SUPPLY CCTV,img\produk\PSU CCTV.jpg,,
P440,PSU DAHUA 4 PORT,185000,POWER SUPPLY CCTV,img\produk\PSU DAHUA CCTV.jfif,,
P441,PSU DAHUA 8 PORT,226000,POWER SUPPLY CCTV,img\produk\PSU DAHUA CCTV.jfif,,
P442,PSU HIKVISION 4 PORT,230000,POWER SUPPLY CCTV,img\produk\PSU HIKVISION CCTV.jfif,,
P443,PSU HIKVISION 8 PORT,270000,POWER SUPPLY CCTV,img\produk\PSU HIKVISION CCTV.jfif,,
P444,BATERAI UPS YUASA 12V 7Ah ,380000,YUASA,img\produk\BATETERAI UPS YUASA.jpg,,
P445,BATERAI UPS YUASA 12V 9Ah ,668000,YUASA,img\produk\BATERAI UPS YUASA 9 12.webp,,
P446,KABEL FIBER OPTIK 50 METER PRECONT+PATCHORD,95000,KABEL FIBER OPTIK,img\produk\KABEL FO.webp,,
P447,KABEL FIBER OPTIK 80 METER PRECONT+PATCHORD,128000,KABEL FIBER OPTIK,img\produk\KABEL FO.webp,,
P448,KABEL FIBER OPTIK 100 METER PRECONT+PATCHORD,138500,KABEL FIBER OPTIK,img\produk\KABEL FO.webp,,
P449,KABEL FIBER OPTIK 150 METER PRECONT+PATCHORD,175000,KABEL FIBER OPTIK,img\produk\KABEL FO.webp,,
P450,KABEL FIBER OPTIK 200 METER PRECONT+PATCHORD,235000,KABEL FIBER OPTIK,img\produk\KABEL FO.webp,,
P451,KABEL FIBER OPTIK 250 METER PRECONT+PATCHORD,285000,KABEL FIBER OPTIK,img\produk\KABEL FO.webp,,
P452,KABEL FIBER OPTIK 300 METER PRECONT+PATCHORD,345000,KABEL FIBER OPTIK,img\produk\KABEL FO.webp,,
P453,KABEL FIBER OPTIK 350 METER PRECONT+PATCHORD,395000,KABEL FIBER OPTIK,img\produk\KABEL FO.webp,,
P454,INDOSAT KARTU 4G HOME MODEM WIFI ROUTER HKM 0127+,635000,INDOSAT ROUTER,img\produk\INDOSAT.webp,,
P455,MERCUSYS MB110-4G 300Mbps,635000,MERCUSYS,img\produk\MERCUSYS MB110.jpg,,
P456,KABEL COAXIAL SCHNELL R6,945000,KABEL COAXIAL CCTV,img\produk\KABEL COAXIAL RG6.jpg,,
P457,KABEL COAXIAL PROVIEW 300M  R6,1235000,KABEL COAXIAL CCTV,img\produk\KABEL COAXIAL PROVIEW.png,,
P458,PAKET SIAP ONLINE 1,3085000,PAKET INCLUDE INSTALASI,img\produk\PAKET SIAP ONLINE 1.jpg,,
P459,PAKET SIAP ONLINE 2,2860000,PAKET INCLUDE INSTALASI,img\produk\PAKET SIAP ONLINE 2.jpg,,
P460,PAKET SIAP ONLINE 3,4585000,PAKET INCLUDE INSTALASI,img\produk\PAKE SIAP ONLINE 3.jpg,,
P461,PAKET SIAP ONLINE 4,4295000,PAKET INCLUDE INSTALASI,img\produk\PAKET SIAP ONLINE 4.jpg,,
P462,PAKE FAMILI 1,2520000,PAKET INCLUDE INSTALASI,img\produk\PAKET FAMILI 1.jpg,,
P463,PAKET FAMILI 2,2295000,PAKET INCLUDE INSTALASI,img\produk\PAKET FAMILI 2.jpg,,
P464,PAKET FAMILI 3,4020000,PAKET INCLUDE INSTALASI,img\produk\PAKET FAMILI 3.jpg,,
P465,PAKET FAMILI 4,3730000,PAKET INCLUDE INSTALASI,img\produk\PAKET FAMILI 4.jpg,,
